2026-06-08 20:07:53 | ERROR    | bot.cli                   | Auth error: API credentials not found. Set BINANCE_API_KEY and BINANCE_SECRET_KEY environment variables (or copy .env.example to .env and fill in your testnet keys).
2026-06-08 20:08:16 | ERROR    | bot.cli                   | Auth error: API credentials not found. Set BINANCE_API_KEY and BINANCE_SECRET_KEY environment variables (or copy .env.example to .env and fill in your testnet keys).
2026-06-08 20:09:01 | ERROR    | bot.cli                   | Auth error: API credentials not found. Set BINANCE_API_KEY and BINANCE_SECRET_KEY environment variables (or copy .env.example to .env and fill in your testnet keys).
2026-06-08 20:10:42 | ERROR    | bot.cli                   | Auth error: API credentials not found. Set BINANCE_API_KEY and BINANCE_SECRET_KEY environment variables (or copy .env.example to .env and fill in your testnet keys).
2026-06-08 20:10:47 | ERROR    | bot.cli                   | Auth error: API credentials not found. Set BINANCE_API_KEY and BINANCE_SECRET_KEY environment variables (or copy .env.example to .env and fill in your testnet keys).
2026-06-08 20:12:28 | DEBUG    | bot.client                | BinanceClient initialised. Base URL: https://testnet.binancefuture.com
2026-06-08 20:12:28 | DEBUG    | urllib3.connectionpool    | Starting new HTTPS connection (1): testnet.binancefuture.com:443
2026-06-08 20:12:28 | DEBUG    | urllib3.connectionpool    | https://testnet.binancefuture.com:443 "GET /fapi/v1/ping HTTP/1.1" 200 2
2026-06-08 20:12:28 | DEBUG    | bot.client                | Ping response: HTTP 200
2026-06-08 20:12:28 | INFO     | bot.orders                | [MARKET] BUY BTCUSDT qty=0.001
2026-06-08 20:12:28 | INFO     | bot.client                | Placing order | symbol=BTCUSDT side=BUY type=MARKET qty=0.001 price=None stopPrice=None
2026-06-08 20:12:28 | INFO     | bot.client                | POST https://testnet.binancefuture.com/fapi/v1/order  body={'symbol': 'BTCUSDT', 'side': 'BUY', 'type': 'MARKET', 'quantity': 0.001, 'timestamp': 1780929748759, 'recvWindow': 5000}
2026-06-08 20:12:28 | DEBUG    | urllib3.connectionpool    | https://testnet.binancefuture.com:443 "POST /fapi/v1/order HTTP/1.1" 200 None
2026-06-08 20:12:28 | DEBUG    | bot.client                | HTTP 200  body={"orderId":14504368667,"symbol":"BTCUSDT","status":"NEW","clientOrderId":"kdIhMHjeF6Mt38MQZ9FCQs","price":"0.00","origQty":"0.0010","executedQty":"0.0000","cumQty":"0.0000","timeInForce":"GTC","type":"MARKET","reduceOnly":false,"closePosition":false,"side":"BUY","positionSide":"BOTH","stopPrice":"0.00","workingType":"CONTRACT_PRICE","priceProtect":false,"origType":"MARKET","priceMatch":"NONE","selfTradePreventionMode":"EXPIRE_MAKER","goodTillDate":0,"updateTime":1780929748951}
2026-06-08 20:12:28 | INFO     | bot.client                | Order response: {'orderId': 14504368667, 'symbol': 'BTCUSDT', 'status': 'NEW', 'clientOrderId': 'kdIhMHjeF6Mt38MQZ9FCQs', 'price': '0.00', 'origQty': '0.0010', 'executedQty': '0.0000', 'cumQty': '0.0000', 'timeInForce': 'GTC', 'type': 'MARKET', 'reduceOnly': False, 'closePosition': False, 'side': 'BUY', 'positionSide': 'BOTH', 'stopPrice': '0.00', 'workingType': 'CONTRACT_PRICE', 'priceProtect': False, 'origType': 'MARKET', 'priceMatch': 'NONE', 'selfTradePreventionMode': 'EXPIRE_MAKER', 'goodTillDate': 0, 'updateTime': 1780929748951}
2026-06-08 20:12:28 | INFO     | bot.orders                | [MARKET] Order placed | orderId=14504368667 status=NEW executedQty=0.0000 avgPrice=0
2026-06-08 20:12:28 | INFO     | bot.cli                   | SUCCESS | orderId=14504368667 status=NEW
2026-06-08 20:12:36 | DEBUG    | bot.client                | BinanceClient initialised. Base URL: https://testnet.binancefuture.com
2026-06-08 20:12:36 | DEBUG    | urllib3.connectionpool    | Starting new HTTPS connection (1): testnet.binancefuture.com:443
2026-06-08 20:12:36 | DEBUG    | urllib3.connectionpool    | https://testnet.binancefuture.com:443 "GET /fapi/v1/ping HTTP/1.1" 200 2
2026-06-08 20:12:36 | DEBUG    | bot.client                | Ping response: HTTP 200
2026-06-08 20:12:36 | INFO     | bot.orders                | [LIMIT] BUY BTCUSDT qty=0.001 price=50000.0 tif=GTC
2026-06-08 20:12:36 | INFO     | bot.client                | Placing order | symbol=BTCUSDT side=BUY type=LIMIT qty=0.001 price=50000.0 stopPrice=None
2026-06-08 20:12:36 | INFO     | bot.client                | POST https://testnet.binancefuture.com/fapi/v1/order  body={'symbol': 'BTCUSDT', 'side': 'BUY', 'type': 'LIMIT', 'quantity': 0.001, 'price': 50000.0, 'timeInForce': 'GTC', 'timestamp': 1780929756368, 'recvWindow': 5000}
2026-06-08 20:12:36 | DEBUG    | urllib3.connectionpool    | https://testnet.binancefuture.com:443 "POST /fapi/v1/order HTTP/1.1" 200 None
2026-06-08 20:12:36 | DEBUG    | bot.client                | HTTP 200  body={"orderId":14504377627,"symbol":"BTCUSDT","status":"NEW","clientOrderId":"2DI4IQ4otiO7nz3fxxYBor","price":"50000.00","origQty":"0.0010","executedQty":"0.0000","cumQty":"0.0000","timeInForce":"GTC","type":"LIMIT","reduceOnly":false,"closePosition":false,"side":"BUY","positionSide":"BOTH","stopPrice":"0.00","workingType":"CONTRACT_PRICE","priceProtect":false,"origType":"LIMIT","priceMatch":"NONE","selfTradePreventionMode":"EXPIRE_MAKER","goodTillDate":0,"updateTime":1780929756566}
2026-06-08 20:12:36 | INFO     | bot.client                | Order response: {'orderId': 14504377627, 'symbol': 'BTCUSDT', 'status': 'NEW', 'clientOrderId': '2DI4IQ4otiO7nz3fxxYBor', 'price': '50000.00', 'origQty': '0.0010', 'executedQty': '0.0000', 'cumQty': '0.0000', 'timeInForce': 'GTC', 'type': 'LIMIT', 'reduceOnly': False, 'closePosition': False, 'side': 'BUY', 'positionSide': 'BOTH', 'stopPrice': '0.00', 'workingType': 'CONTRACT_PRICE', 'priceProtect': False, 'origType': 'LIMIT', 'priceMatch': 'NONE', 'selfTradePreventionMode': 'EXPIRE_MAKER', 'goodTillDate': 0, 'updateTime': 1780929756566}
2026-06-08 20:12:36 | INFO     | bot.orders                | [LIMIT] Order placed | orderId=14504377627 status=NEW executedQty=0.0000
2026-06-08 20:12:36 | INFO     | bot.cli                   | SUCCESS | orderId=14504377627 status=NEW
2026-06-08 20:12:53 | DEBUG    | bot.client                | BinanceClient initialised. Base URL: https://testnet.binancefuture.com
2026-06-08 20:12:53 | DEBUG    | urllib3.connectionpool    | Starting new HTTPS connection (1): testnet.binancefuture.com:443
2026-06-08 20:12:53 | DEBUG    | urllib3.connectionpool    | https://testnet.binancefuture.com:443 "GET /fapi/v1/ping HTTP/1.1" 200 2
2026-06-08 20:12:53 | DEBUG    | bot.client                | Ping response: HTTP 200
2026-06-08 20:12:53 | INFO     | bot.orders                | [MARKET] BUY BTCUSDT qty=0.001
2026-06-08 20:12:53 | INFO     | bot.client                | Placing order | symbol=BTCUSDT side=BUY type=MARKET qty=0.001 price=None stopPrice=None
2026-06-08 20:12:53 | INFO     | bot.client                | POST https://testnet.binancefuture.com/fapi/v1/order  body={'symbol': 'BTCUSDT', 'side': 'BUY', 'type': 'MARKET', 'quantity': 0.001, 'timestamp': 1780929773228, 'recvWindow': 5000}
2026-06-08 20:12:53 | DEBUG    | urllib3.connectionpool    | https://testnet.binancefuture.com:443 "POST /fapi/v1/order HTTP/1.1" 200 None
2026-06-08 20:12:53 | DEBUG    | bot.client                | HTTP 200  body={"orderId":14504385942,"symbol":"BTCUSDT","status":"NEW","clientOrderId":"LjzUIDSqTWN2Ph1jiR5ho2","price":"0.00","origQty":"0.0010","executedQty":"0.0000","cumQty":"0.0000","timeInForce":"GTC","type":"MARKET","reduceOnly":false,"closePosition":false,"side":"BUY","positionSide":"BOTH","stopPrice":"0.00","workingType":"CONTRACT_PRICE","priceProtect":false,"origType":"MARKET","priceMatch":"NONE","selfTradePreventionMode":"EXPIRE_MAKER","goodTillDate":0,"updateTime":1780929773416}
2026-06-08 20:12:53 | INFO     | bot.client                | Order response: {'orderId': 14504385942, 'symbol': 'BTCUSDT', 'status': 'NEW', 'clientOrderId': 'LjzUIDSqTWN2Ph1jiR5ho2', 'price': '0.00', 'origQty': '0.0010', 'executedQty': '0.0000', 'cumQty': '0.0000', 'timeInForce': 'GTC', 'type': 'MARKET', 'reduceOnly': False, 'closePosition': False, 'side': 'BUY', 'positionSide': 'BOTH', 'stopPrice': '0.00', 'workingType': 'CONTRACT_PRICE', 'priceProtect': False, 'origType': 'MARKET', 'priceMatch': 'NONE', 'selfTradePreventionMode': 'EXPIRE_MAKER', 'goodTillDate': 0, 'updateTime': 1780929773416}
2026-06-08 20:12:53 | INFO     | bot.orders                | [MARKET] Order placed | orderId=14504385942 status=NEW executedQty=0.0000 avgPrice=0
2026-06-08 20:12:53 | INFO     | bot.cli                   | SUCCESS | orderId=14504385942 status=NEW
2026-06-08 20:13:15 | DEBUG    | bot.client                | BinanceClient initialised. Base URL: https://testnet.binancefuture.com
2026-06-08 20:13:15 | DEBUG    | urllib3.connectionpool    | Starting new HTTPS connection (1): testnet.binancefuture.com:443
2026-06-08 20:13:15 | DEBUG    | urllib3.connectionpool    | https://testnet.binancefuture.com:443 "GET /fapi/v1/ping HTTP/1.1" 200 2
2026-06-08 20:13:15 | DEBUG    | bot.client                | Ping response: HTTP 200
2026-06-08 20:13:15 | INFO     | bot.orders                | [LIMIT] BUY BTCUSDT qty=0.001 price=30000.0 tif=GTC
2026-06-08 20:13:15 | INFO     | bot.client                | Placing order | symbol=BTCUSDT side=BUY type=LIMIT qty=0.001 price=30000.0 stopPrice=None
2026-06-08 20:13:15 | INFO     | bot.client                | POST https://testnet.binancefuture.com/fapi/v1/order  body={'symbol': 'BTCUSDT', 'side': 'BUY', 'type': 'LIMIT', 'quantity': 0.001, 'price': 30000.0, 'timeInForce': 'GTC', 'timestamp': 1780929795444, 'recvWindow': 5000}
2026-06-08 20:13:15 | DEBUG    | urllib3.connectionpool    | https://testnet.binancefuture.com:443 "POST /fapi/v1/order HTTP/1.1" 400 99
2026-06-08 20:13:15 | DEBUG    | bot.client                | HTTP 400  body={"code":-4164,"msg":"Order's notional must be no smaller than 50 (unless you choose reduce only)."}
2026-06-08 20:13:15 | ERROR    | bot.client                | API error: code=-4164 msg=Order's notional must be no smaller than 50 (unless you choose reduce only).
2026-06-08 20:13:15 | ERROR    | bot.cli                   | FAILURE | Binance API Error -4164: Order's notional must be no smaller than 50 (unless you choose reduce only).
2026-06-08 20:14:23 | DEBUG    | bot.client                | BinanceClient initialised. Base URL: https://testnet.binancefuture.com
2026-06-08 20:14:23 | DEBUG    | urllib3.connectionpool    | Starting new HTTPS connection (1): testnet.binancefuture.com:443
2026-06-08 20:14:23 | DEBUG    | urllib3.connectionpool    | https://testnet.binancefuture.com:443 "GET /fapi/v1/ping HTTP/1.1" 200 2
2026-06-08 20:14:23 | DEBUG    | bot.client                | Ping response: HTTP 200
2026-06-08 20:14:23 | INFO     | bot.orders                | [LIMIT] BUY BTCUSDT qty=0.002 price=30000.0 tif=GTC
2026-06-08 20:14:23 | INFO     | bot.client                | Placing order | symbol=BTCUSDT side=BUY type=LIMIT qty=0.002 price=30000.0 stopPrice=None
2026-06-08 20:14:23 | INFO     | bot.client                | POST https://testnet.binancefuture.com/fapi/v1/order  body={'symbol': 'BTCUSDT', 'side': 'BUY', 'type': 'LIMIT', 'quantity': 0.002, 'price': 30000.0, 'timeInForce': 'GTC', 'timestamp': 1780929863950, 'recvWindow': 5000}
2026-06-08 20:14:24 | DEBUG    | urllib3.connectionpool    | https://testnet.binancefuture.com:443 "POST /fapi/v1/order HTTP/1.1" 200 None
2026-06-08 20:14:24 | DEBUG    | bot.client                | HTTP 200  body={"orderId":14504458752,"symbol":"BTCUSDT","status":"NEW","clientOrderId":"tCejjImfKUBX6bpgqeU5Nx","price":"30000.00","origQty":"0.0020","executedQty":"0.0000","cumQty":"0.0000","timeInForce":"GTC","type":"LIMIT","reduceOnly":false,"closePosition":false,"side":"BUY","positionSide":"BOTH","stopPrice":"0.00","workingType":"CONTRACT_PRICE","priceProtect":false,"origType":"LIMIT","priceMatch":"NONE","selfTradePreventionMode":"EXPIRE_MAKER","goodTillDate":0,"updateTime":1780929864341}
2026-06-08 20:14:24 | INFO     | bot.client                | Order response: {'orderId': 14504458752, 'symbol': 'BTCUSDT', 'status': 'NEW', 'clientOrderId': 'tCejjImfKUBX6bpgqeU5Nx', 'price': '30000.00', 'origQty': '0.0020', 'executedQty': '0.0000', 'cumQty': '0.0000', 'timeInForce': 'GTC', 'type': 'LIMIT', 'reduceOnly': False, 'closePosition': False, 'side': 'BUY', 'positionSide': 'BOTH', 'stopPrice': '0.00', 'workingType': 'CONTRACT_PRICE', 'priceProtect': False, 'origType': 'LIMIT', 'priceMatch': 'NONE', 'selfTradePreventionMode': 'EXPIRE_MAKER', 'goodTillDate': 0, 'updateTime': 1780929864341}
2026-06-08 20:14:24 | INFO     | bot.orders                | [LIMIT] Order placed | orderId=14504458752 status=NEW executedQty=0.0000
2026-06-08 20:14:24 | INFO     | bot.cli                   | SUCCESS | orderId=14504458752 status=NEW
2026-06-08 20:15:02 | DEBUG    | bot.client                | BinanceClient initialised. Base URL: https://testnet.binancefuture.com
2026-06-08 20:15:03 | DEBUG    | urllib3.connectionpool    | Starting new HTTPS connection (1): testnet.binancefuture.com:443
2026-06-08 20:15:03 | DEBUG    | urllib3.connectionpool    | https://testnet.binancefuture.com:443 "GET /fapi/v1/ping HTTP/1.1" 200 2
2026-06-08 20:15:03 | DEBUG    | bot.client                | Ping response: HTTP 200
2026-06-08 20:15:03 | INFO     | bot.orders                | [LIMIT] BUY BTCUSDT qty=0.001 price=30000.0 tif=GTC
2026-06-08 20:15:03 | INFO     | bot.client                | Placing order | symbol=BTCUSDT side=BUY type=LIMIT qty=0.001 price=30000.0 stopPrice=None
2026-06-08 20:15:03 | INFO     | bot.client                | POST https://testnet.binancefuture.com/fapi/v1/order  body={'symbol': 'BTCUSDT', 'side': 'BUY', 'type': 'LIMIT', 'quantity': 0.001, 'price': 30000.0, 'timeInForce': 'GTC', 'timestamp': 1780929903143, 'recvWindow': 5000}
2026-06-08 20:15:03 | DEBUG    | urllib3.connectionpool    | https://testnet.binancefuture.com:443 "POST /fapi/v1/order HTTP/1.1" 400 99
2026-06-08 20:15:03 | DEBUG    | bot.client                | HTTP 400  body={"code":-4164,"msg":"Order's notional must be no smaller than 50 (unless you choose reduce only)."}
2026-06-08 20:15:03 | ERROR    | bot.client                | API error: code=-4164 msg=Order's notional must be no smaller than 50 (unless you choose reduce only).
2026-06-08 20:15:03 | ERROR    | bot.cli                   | FAILURE | Binance API Error -4164: Order's notional must be no smaller than 50 (unless you choose reduce only).
2026-06-08 20:16:13 | DEBUG    | bot.client                | BinanceClient initialised. Base URL: https://testnet.binancefuture.com
2026-06-08 20:16:13 | DEBUG    | urllib3.connectionpool    | Starting new HTTPS connection (1): testnet.binancefuture.com:443
2026-06-08 20:16:13 | DEBUG    | urllib3.connectionpool    | https://testnet.binancefuture.com:443 "GET /fapi/v1/ping HTTP/1.1" 200 2
2026-06-08 20:16:13 | DEBUG    | bot.client                | Ping response: HTTP 200
2026-06-08 20:16:13 | INFO     | bot.orders                | [LIMIT] BUY BTCUSDT qty=0.001 price=30000.0 tif=GTC
2026-06-08 20:16:13 | INFO     | bot.client                | Placing order | symbol=BTCUSDT side=BUY type=LIMIT qty=0.001 price=30000.0 stopPrice=None
2026-06-08 20:16:13 | INFO     | bot.client                | POST https://testnet.binancefuture.com/fapi/v1/order  body={'symbol': 'BTCUSDT', 'side': 'BUY', 'type': 'LIMIT', 'quantity': 0.001, 'price': 30000.0, 'timeInForce': 'GTC', 'timestamp': 1780929973643, 'recvWindow': 5000}
2026-06-08 20:16:13 | DEBUG    | urllib3.connectionpool    | https://testnet.binancefuture.com:443 "POST /fapi/v1/order HTTP/1.1" 400 99
2026-06-08 20:16:13 | DEBUG    | bot.client                | HTTP 400  body={"code":-4164,"msg":"Order's notional must be no smaller than 50 (unless you choose reduce only)."}
2026-06-08 20:16:13 | ERROR    | bot.client                | API error: code=-4164 msg=Order's notional must be no smaller than 50 (unless you choose reduce only).
2026-06-08 20:16:13 | ERROR    | bot.cli                   | FAILURE | Binance API Error -4164: Order's notional must be no smaller than 50 (unless you choose reduce only).
2026-06-08 20:16:31 | WARNING  | bot.cli                   | Validation error: [quantity] Order notional too small: 0.001 x 30000.0 = $30.00 USDT. Binance requires at least $50.0 USDT. Use quantity >= 0.0017 at this price.
2026-06-08 20:16:46 | DEBUG    | bot.client                | BinanceClient initialised. Base URL: https://testnet.binancefuture.com
2026-06-08 20:16:46 | DEBUG    | urllib3.connectionpool    | Starting new HTTPS connection (1): testnet.binancefuture.com:443
2026-06-08 20:16:47 | DEBUG    | urllib3.connectionpool    | https://testnet.binancefuture.com:443 "GET /fapi/v1/ping HTTP/1.1" 200 2
2026-06-08 20:16:47 | DEBUG    | bot.client                | Ping response: HTTP 200
2026-06-08 20:16:47 | INFO     | bot.orders                | [LIMIT] BUY BTCUSDT qty=0.002 price=30000.0 tif=GTC
2026-06-08 20:16:47 | INFO     | bot.client                | Placing order | symbol=BTCUSDT side=BUY type=LIMIT qty=0.002 price=30000.0 stopPrice=None
2026-06-08 20:16:47 | INFO     | bot.client                | POST https://testnet.binancefuture.com/fapi/v1/order  body={'symbol': 'BTCUSDT', 'side': 'BUY', 'type': 'LIMIT', 'quantity': 0.002, 'price': 30000.0, 'timeInForce': 'GTC', 'timestamp': 1780930007087, 'recvWindow': 5000}
2026-06-08 20:16:47 | DEBUG    | urllib3.connectionpool    | https://testnet.binancefuture.com:443 "POST /fapi/v1/order HTTP/1.1" 200 None
2026-06-08 20:16:47 | DEBUG    | bot.client                | HTTP 200  body={"orderId":14504558967,"symbol":"BTCUSDT","status":"NEW","clientOrderId":"35KIKAEZoWTskLXRaWEmkE","price":"30000.00","origQty":"0.0020","executedQty":"0.0000","cumQty":"0.0000","timeInForce":"GTC","type":"LIMIT","reduceOnly":false,"closePosition":false,"side":"BUY","positionSide":"BOTH","stopPrice":"0.00","workingType":"CONTRACT_PRICE","priceProtect":false,"origType":"LIMIT","priceMatch":"NONE","selfTradePreventionMode":"EXPIRE_MAKER","goodTillDate":0,"updateTime":1780930007273}
2026-06-08 20:16:47 | INFO     | bot.client                | Order response: {'orderId': 14504558967, 'symbol': 'BTCUSDT', 'status': 'NEW', 'clientOrderId': '35KIKAEZoWTskLXRaWEmkE', 'price': '30000.00', 'origQty': '0.0020', 'executedQty': '0.0000', 'cumQty': '0.0000', 'timeInForce': 'GTC', 'type': 'LIMIT', 'reduceOnly': False, 'closePosition': False, 'side': 'BUY', 'positionSide': 'BOTH', 'stopPrice': '0.00', 'workingType': 'CONTRACT_PRICE', 'priceProtect': False, 'origType': 'LIMIT', 'priceMatch': 'NONE', 'selfTradePreventionMode': 'EXPIRE_MAKER', 'goodTillDate': 0, 'updateTime': 1780930007273}
2026-06-08 20:16:47 | INFO     | bot.orders                | [LIMIT] Order placed | orderId=14504558967 status=NEW executedQty=0.0000
2026-06-08 20:16:47 | INFO     | bot.cli                   | SUCCESS | orderId=14504558967 status=NEW
2026-06-08 20:17:34 | WARNING  | bot.cli                   | Validation error: [quantity] Order notional too small: 0.001 x 30000.0 = $30.00 USDT. Binance requires at least $50.0 USDT. Use quantity >= 0.0017 at this price.
2026-06-08 20:17:43 | DEBUG    | bot.client                | BinanceClient initialised. Base URL: https://testnet.binancefuture.com
2026-06-08 20:17:43 | DEBUG    | urllib3.connectionpool    | Starting new HTTPS connection (1): testnet.binancefuture.com:443
2026-06-08 20:17:43 | DEBUG    | urllib3.connectionpool    | https://testnet.binancefuture.com:443 "GET /fapi/v1/ping HTTP/1.1" 200 2
2026-06-08 20:17:43 | DEBUG    | bot.client                | Ping response: HTTP 200
2026-06-08 20:17:43 | INFO     | bot.orders                | [LIMIT] BUY BTCUSDT qty=0.001 price=50000.0 tif=GTC
2026-06-08 20:17:43 | INFO     | bot.client                | Placing order | symbol=BTCUSDT side=BUY type=LIMIT qty=0.001 price=50000.0 stopPrice=None
2026-06-08 20:17:43 | INFO     | bot.client                | POST https://testnet.binancefuture.com/fapi/v1/order  body={'symbol': 'BTCUSDT', 'side': 'BUY', 'type': 'LIMIT', 'quantity': 0.001, 'price': 50000.0, 'timeInForce': 'GTC', 'timestamp': 1780930063735, 'recvWindow': 5000}
2026-06-08 20:17:43 | DEBUG    | urllib3.connectionpool    | https://testnet.binancefuture.com:443 "POST /fapi/v1/order HTTP/1.1" 200 None
2026-06-08 20:17:43 | DEBUG    | bot.client                | HTTP 200  body={"orderId":14504595190,"symbol":"BTCUSDT","status":"NEW","clientOrderId":"dhTO54GY9o3RFdrNgQlsEi","price":"50000.00","origQty":"0.0010","executedQty":"0.0000","cumQty":"0.0000","timeInForce":"GTC","type":"LIMIT","reduceOnly":false,"closePosition":false,"side":"BUY","positionSide":"BOTH","stopPrice":"0.00","workingType":"CONTRACT_PRICE","priceProtect":false,"origType":"LIMIT","priceMatch":"NONE","selfTradePreventionMode":"EXPIRE_MAKER","goodTillDate":0,"updateTime":1780930063920}
2026-06-08 20:17:43 | INFO     | bot.client                | Order response: {'orderId': 14504595190, 'symbol': 'BTCUSDT', 'status': 'NEW', 'clientOrderId': 'dhTO54GY9o3RFdrNgQlsEi', 'price': '50000.00', 'origQty': '0.0010', 'executedQty': '0.0000', 'cumQty': '0.0000', 'timeInForce': 'GTC', 'type': 'LIMIT', 'reduceOnly': False, 'closePosition': False, 'side': 'BUY', 'positionSide': 'BOTH', 'stopPrice': '0.00', 'workingType': 'CONTRACT_PRICE', 'priceProtect': False, 'origType': 'LIMIT', 'priceMatch': 'NONE', 'selfTradePreventionMode': 'EXPIRE_MAKER', 'goodTillDate': 0, 'updateTime': 1780930063920}
2026-06-08 20:17:43 | INFO     | bot.orders                | [LIMIT] Order placed | orderId=14504595190 status=NEW executedQty=0.0000
2026-06-08 20:17:43 | INFO     | bot.cli                   | SUCCESS | orderId=14504595190 status=NEW
2026-06-08 20:19:38 | DEBUG    | bot.client                | BinanceClient initialised. Base URL: https://testnet.binancefuture.com
2026-06-08 20:19:38 | DEBUG    | bot.client                | Ping response: HTTP 200
2026-06-08 20:19:38 | INFO     | bot.orders                | [MARKET] BUY BTCUSDT qty=0.001
2026-06-08 20:19:38 | INFO     | bot.client                | Placing order | symbol=BTCUSDT side=BUY type=MARKET qty=0.001 price=None stopPrice=None
2026-06-08 20:19:38 | INFO     | bot.client                | POST https://testnet.binancefuture.com/fapi/v1/order  body={'symbol': 'BTCUSDT', 'side': 'BUY', 'type': 'MARKET', 'quantity': 0.001, 'timestamp': 1780930178931, 'recvWindow': 5000}
2026-06-08 20:19:39 | DEBUG    | bot.client                | HTTP 200  body={"orderId":14504681939,"symbol":"BTCUSDT","status":"NEW","clientOrderId":"DTA8UimKv1nijwceOf4I5h","price":"0.00","origQty":"0.0010","executedQty":"0.0000","cumQty":"0.0000","timeInForce":"GTC","type":"MARKET","reduceOnly":false,"closePosition":false,"side":"BUY","positionSide":"BOTH","stopPrice":"0.00","workingType":"CONTRACT_PRICE","priceProtect":false,"origType":"MARKET","priceMatch":"NONE","selfTradePreventionMode":"EXPIRE_MAKER","goodTillDate":0,"updateTime":1780930179119}
2026-06-08 20:19:39 | INFO     | bot.client                | Order response: {'orderId': 14504681939, 'symbol': 'BTCUSDT', 'status': 'NEW', 'clientOrderId': 'DTA8UimKv1nijwceOf4I5h', 'price': '0.00', 'origQty': '0.0010', 'executedQty': '0.0000', 'cumQty': '0.0000', 'timeInForce': 'GTC', 'type': 'MARKET', 'reduceOnly': False, 'closePosition': False, 'side': 'BUY', 'positionSide': 'BOTH', 'stopPrice': '0.00', 'workingType': 'CONTRACT_PRICE', 'priceProtect': False, 'origType': 'MARKET', 'priceMatch': 'NONE', 'selfTradePreventionMode': 'EXPIRE_MAKER', 'goodTillDate': 0, 'updateTime': 1780930179119}
2026-06-08 20:19:39 | INFO     | bot.orders                | [MARKET] Order placed | orderId=14504681939 status=NEW executedQty=0.0000 avgPrice=0
2026-06-08 20:19:39 | INFO     | bot.cli                   | SUCCESS | orderId=14504681939 status=NEW
2026-06-08 20:19:39 | DEBUG    | bot.client                | BinanceClient initialised. Base URL: https://testnet.binancefuture.com
2026-06-08 20:19:39 | DEBUG    | bot.client                | Ping response: HTTP 200
2026-06-08 20:19:39 | INFO     | bot.orders                | [LIMIT] BUY BTCUSDT qty=0.001 price=50000.0 tif=GTC
2026-06-08 20:19:39 | INFO     | bot.client                | Placing order | symbol=BTCUSDT side=BUY type=LIMIT qty=0.001 price=50000.0 stopPrice=None
2026-06-08 20:19:39 | INFO     | bot.client                | POST https://testnet.binancefuture.com/fapi/v1/order  body={'symbol': 'BTCUSDT', 'side': 'BUY', 'type': 'LIMIT', 'quantity': 0.001, 'price': 50000.0, 'timeInForce': 'GTC', 'timestamp': 1780930179751, 'recvWindow': 5000}
2026-06-08 20:19:39 | DEBUG    | bot.client                | HTTP 200  body={"orderId":14504682843,"symbol":"BTCUSDT","status":"NEW","clientOrderId":"FLXgNCRIyARe6sUfutcYE0","price":"50000.00","origQty":"0.0010","executedQty":"0.0000","cumQty":"0.0000","timeInForce":"GTC","type":"LIMIT","reduceOnly":false,"closePosition":false,"side":"BUY","positionSide":"BOTH","stopPrice":"0.00","workingType":"CONTRACT_PRICE","priceProtect":false,"origType":"LIMIT","priceMatch":"NONE","selfTradePreventionMode":"EXPIRE_MAKER","goodTillDate":0,"updateTime":1780930179938}
2026-06-08 20:19:39 | INFO     | bot.client                | Order response: {'orderId': 14504682843, 'symbol': 'BTCUSDT', 'status': 'NEW', 'clientOrderId': 'FLXgNCRIyARe6sUfutcYE0', 'price': '50000.00', 'origQty': '0.0010', 'executedQty': '0.0000', 'cumQty': '0.0000', 'timeInForce': 'GTC', 'type': 'LIMIT', 'reduceOnly': False, 'closePosition': False, 'side': 'BUY', 'positionSide': 'BOTH', 'stopPrice': '0.00', 'workingType': 'CONTRACT_PRICE', 'priceProtect': False, 'origType': 'LIMIT', 'priceMatch': 'NONE', 'selfTradePreventionMode': 'EXPIRE_MAKER', 'goodTillDate': 0, 'updateTime': 1780930179938}
2026-06-08 20:19:39 | INFO     | bot.orders                | [LIMIT] Order placed | orderId=14504682843 status=NEW executedQty=0.0000
2026-06-08 20:19:39 | INFO     | bot.cli                   | SUCCESS | orderId=14504682843 status=NEW
2026-06-08 20:22:15 | DEBUG    | bot.client                | BinanceClient initialised. Base URL: https://testnet.binancefuture.com
2026-06-08 20:22:15 | DEBUG    | bot.client                | Ping response: HTTP 200
2026-06-08 20:22:15 | INFO     | bot.orders                | [MARKET] BUY BTCUSDT qty=0.001
2026-06-08 20:22:15 | INFO     | bot.client                | Placing order | symbol=BTCUSDT side=BUY type=MARKET qty=0.001 price=None stopPrice=None
2026-06-08 20:22:15 | INFO     | bot.client                | POST https://testnet.binancefuture.com/fapi/v1/order  body={'symbol': 'BTCUSDT', 'side': 'BUY', 'type': 'MARKET', 'quantity': 0.001, 'timestamp': 1780930335500, 'recvWindow': 5000}
2026-06-08 20:22:15 | DEBUG    | bot.client                | HTTP 200  body={"orderId":14504813635,"symbol":"BTCUSDT","status":"NEW","clientOrderId":"OYFJsP4vjnCzhDA6jsA4uF","price":"0.00","origQty":"0.0010","executedQty":"0.0000","cumQty":"0.0000","timeInForce":"GTC","type":"MARKET","reduceOnly":false,"closePosition":false,"side":"BUY","positionSide":"BOTH","stopPrice":"0.00","workingType":"CONTRACT_PRICE","priceProtect":false,"origType":"MARKET","priceMatch":"NONE","selfTradePreventionMode":"EXPIRE_MAKER","goodTillDate":0,"updateTime":1780930335695}
2026-06-08 20:22:15 | INFO     | bot.client                | Order response: {'orderId': 14504813635, 'symbol': 'BTCUSDT', 'status': 'NEW', 'clientOrderId': 'OYFJsP4vjnCzhDA6jsA4uF', 'price': '0.00', 'origQty': '0.0010', 'executedQty': '0.0000', 'cumQty': '0.0000', 'timeInForce': 'GTC', 'type': 'MARKET', 'reduceOnly': False, 'closePosition': False, 'side': 'BUY', 'positionSide': 'BOTH', 'stopPrice': '0.00', 'workingType': 'CONTRACT_PRICE', 'priceProtect': False, 'origType': 'MARKET', 'priceMatch': 'NONE', 'selfTradePreventionMode': 'EXPIRE_MAKER', 'goodTillDate': 0, 'updateTime': 1780930335695}
2026-06-08 20:22:15 | INFO     | bot.orders                | [MARKET] Order placed | orderId=14504813635 status=NEW executedQty=0.0000 avgPrice=0
2026-06-08 20:22:15 | INFO     | bot.cli                   | SUCCESS | orderId=14504813635 status=NEW
2026-06-08 20:22:48 | DEBUG    | bot.client                | BinanceClient initialised. Base URL: https://testnet.binancefuture.com
2026-06-08 20:22:48 | DEBUG    | bot.client                | Ping response: HTTP 200
2026-06-08 20:22:48 | INFO     | bot.orders                | [LIMIT] BUY BTCUSDT qty=0.001 price=50000.0 tif=GTC
2026-06-08 20:22:48 | INFO     | bot.client                | Placing order | symbol=BTCUSDT side=BUY type=LIMIT qty=0.001 price=50000.0 stopPrice=None
2026-06-08 20:22:48 | INFO     | bot.client                | POST https://testnet.binancefuture.com/fapi/v1/order  body={'symbol': 'BTCUSDT', 'side': 'BUY', 'type': 'LIMIT', 'quantity': 0.001, 'price': 50000.0, 'timeInForce': 'GTC', 'timestamp': 1780930368378, 'recvWindow': 5000}
2026-06-08 20:22:48 | DEBUG    | bot.client                | HTTP 200  body={"orderId":14504836068,"symbol":"BTCUSDT","status":"NEW","clientOrderId":"k0lH2Hym7F6B2k5isnPjOC","price":"50000.00","origQty":"0.0010","executedQty":"0.0000","cumQty":"0.0000","timeInForce":"GTC","type":"LIMIT","reduceOnly":false,"closePosition":false,"side":"BUY","positionSide":"BOTH","stopPrice":"0.00","workingType":"CONTRACT_PRICE","priceProtect":false,"origType":"LIMIT","priceMatch":"NONE","selfTradePreventionMode":"EXPIRE_MAKER","goodTillDate":0,"updateTime":1780930368565}
2026-06-08 20:22:48 | INFO     | bot.client                | Order response: {'orderId': 14504836068, 'symbol': 'BTCUSDT', 'status': 'NEW', 'clientOrderId': 'k0lH2Hym7F6B2k5isnPjOC', 'price': '50000.00', 'origQty': '0.0010', 'executedQty': '0.0000', 'cumQty': '0.0000', 'timeInForce': 'GTC', 'type': 'LIMIT', 'reduceOnly': False, 'closePosition': False, 'side': 'BUY', 'positionSide': 'BOTH', 'stopPrice': '0.00', 'workingType': 'CONTRACT_PRICE', 'priceProtect': False, 'origType': 'LIMIT', 'priceMatch': 'NONE', 'selfTradePreventionMode': 'EXPIRE_MAKER', 'goodTillDate': 0, 'updateTime': 1780930368565}
2026-06-08 20:22:48 | INFO     | bot.orders                | [LIMIT] Order placed | orderId=14504836068 status=NEW executedQty=0.0000
2026-06-08 20:22:48 | INFO     | bot.cli                   | SUCCESS | orderId=14504836068 status=NEW
2026-06-08 20:23:19 | DEBUG    | bot.client                | BinanceClient initialised. Base URL: https://testnet.binancefuture.com
2026-06-08 20:23:19 | DEBUG    | bot.client                | Ping response: HTTP 200
2026-06-08 20:23:19 | INFO     | bot.orders                | [MARKET] SELL BTCUSDT qty=0.001
2026-06-08 20:23:19 | INFO     | bot.client                | Placing order | symbol=BTCUSDT side=SELL type=MARKET qty=0.001 price=None stopPrice=None
2026-06-08 20:23:19 | INFO     | bot.client                | POST https://testnet.binancefuture.com/fapi/v1/order  body={'symbol': 'BTCUSDT', 'side': 'SELL', 'type': 'MARKET', 'quantity': 0.001, 'timestamp': 1780930399707, 'recvWindow': 5000}
2026-06-08 20:23:19 | DEBUG    | bot.client                | HTTP 200  body={"orderId":14504858039,"symbol":"BTCUSDT","status":"NEW","clientOrderId":"X5s2lPxqcBIjY8tL07HI9M","price":"0.00","origQty":"0.0010","executedQty":"0.0000","cumQty":"0.0000","timeInForce":"GTC","type":"MARKET","reduceOnly":false,"closePosition":false,"side":"SELL","positionSide":"BOTH","stopPrice":"0.00","workingType":"CONTRACT_PRICE","priceProtect":false,"origType":"MARKET","priceMatch":"NONE","selfTradePreventionMode":"EXPIRE_MAKER","goodTillDate":0,"updateTime":1780930399902}
2026-06-08 20:23:19 | INFO     | bot.client                | Order response: {'orderId': 14504858039, 'symbol': 'BTCUSDT', 'status': 'NEW', 'clientOrderId': 'X5s2lPxqcBIjY8tL07HI9M', 'price': '0.00', 'origQty': '0.0010', 'executedQty': '0.0000', 'cumQty': '0.0000', 'timeInForce': 'GTC', 'type': 'MARKET', 'reduceOnly': False, 'closePosition': False, 'side': 'SELL', 'positionSide': 'BOTH', 'stopPrice': '0.00', 'workingType': 'CONTRACT_PRICE', 'priceProtect': False, 'origType': 'MARKET', 'priceMatch': 'NONE', 'selfTradePreventionMode': 'EXPIRE_MAKER', 'goodTillDate': 0, 'updateTime': 1780930399902}
2026-06-08 20:23:19 | INFO     | bot.orders                | [MARKET] Order placed | orderId=14504858039 status=NEW executedQty=0.0000 avgPrice=0
2026-06-08 20:23:19 | INFO     | bot.cli                   | SUCCESS | orderId=14504858039 status=NEW
2026-06-08 20:23:29 | DEBUG    | bot.client                | BinanceClient initialised. Base URL: https://testnet.binancefuture.com
2026-06-08 20:23:30 | DEBUG    | bot.client                | Ping response: HTTP 200
2026-06-08 20:23:30 | INFO     | bot.orders                | [STOP_LIMIT] SELL BTCUSDT qty=0.002 price=80000.0 stopPrice=85000.0 tif=GTC
2026-06-08 20:23:30 | INFO     | bot.client                | Placing order | symbol=BTCUSDT side=SELL type=STOP qty=0.002 price=80000.0 stopPrice=85000.0
2026-06-08 20:23:30 | INFO     | bot.client                | POST https://testnet.binancefuture.com/fapi/v1/order  body={'symbol': 'BTCUSDT', 'side': 'SELL', 'type': 'STOP', 'quantity': 0.002, 'price': 80000.0, 'stopPrice': 85000.0, 'timeInForce': 'GTC', 'timestamp': 1780930410048, 'recvWindow': 5000}
2026-06-08 20:23:30 | DEBUG    | bot.client                | HTTP 400  body={"code":-4120,"msg":"Order type not supported for this endpoint. Please use the Algo Order API endpoints instead."}
2026-06-08 20:23:30 | ERROR    | bot.client                | API error: code=-4120 msg=Order type not supported for this endpoint. Please use the Algo Order API endpoints instead.
2026-06-08 20:23:30 | ERROR    | bot.cli                   | FAILURE | Binance API Error -4120: Order type not supported for this endpoint. Please use the Algo Order API endpoints instead.
2026-06-08 20:23:36 | DEBUG    | bot.client                | BinanceClient initialised. Base URL: https://testnet.binancefuture.com
2026-06-08 20:23:37 | DEBUG    | bot.client                | Ping response: HTTP 200
2026-06-08 20:23:37 | INFO     | bot.orders                | [MARKET] BUY INVALID123 qty=0.001
2026-06-08 20:23:37 | INFO     | bot.client                | Placing order | symbol=INVALID123 side=BUY type=MARKET qty=0.001 price=None stopPrice=None
2026-06-08 20:23:37 | INFO     | bot.client                | POST https://testnet.binancefuture.com/fapi/v1/order  body={'symbol': 'INVALID123', 'side': 'BUY', 'type': 'MARKET', 'quantity': 0.001, 'timestamp': 1780930417159, 'recvWindow': 5000}
2026-06-08 20:23:37 | DEBUG    | bot.client                | HTTP 400  body={"code":-1121,"msg":"Invalid symbol."}
2026-06-08 20:23:37 | ERROR    | bot.client                | API error: code=-1121 msg=Invalid symbol.
2026-06-08 20:23:37 | ERROR    | bot.cli                   | FAILURE | Binance API Error -1121: Invalid symbol.
2026-06-08 20:23:37 | WARNING  | bot.cli                   | Validation error: [side] Invalid side 'INVALID'. Must be one of: BUY, SELL.
2026-06-08 20:23:37 | WARNING  | bot.cli                   | Validation error: [quantity] Quantity must be greater than 0, got -5.0.
2026-06-08 20:23:37 | WARNING  | bot.cli                   | Validation error: [quantity] Order notional too small: 0.001 x 30000.0 = $30.00 USDT. Binance requires at least $50.0 USDT. Use quantity >= 0.0017 at this price.
2026-06-08 20:25:43 | DEBUG    | bot.client                | BinanceClient initialised. Base URL: https://testnet.binancefuture.com
2026-06-08 20:25:43 | DEBUG    | bot.client                | Ping response: HTTP 200
2026-06-08 20:25:43 | INFO     | bot.orders                | [STOP_LIMIT] SELL BTCUSDT qty=0.002 price=80000.0 stopPrice=85000.0 tif=GTC
2026-06-08 20:25:43 | INFO     | bot.client                | Placing algo order | symbol=BTCUSDT side=SELL type=STOP qty=0.002 triggerPrice=85000.0 limitPrice=80000.0
2026-06-08 20:25:43 | INFO     | bot.client                | POST https://testnet.binancefuture.com/fapi/v1/algoOrder  body={'symbol': 'BTCUSDT', 'side': 'SELL', 'algoType': 'CONDITIONAL', 'type': 'STOP', 'quantity': 0.002, 'triggerPrice': 85000.0, 'timeInForce': 'GTC', 'price': 80000.0, 'timestamp': 1780930543783, 'recvWindow': 5000}
2026-06-08 20:25:43 | DEBUG    | bot.client                | HTTP 400  body={"code":-4184,"msg":"Limit price can't be lower than 80750"}
2026-06-08 20:25:43 | ERROR    | bot.client                | API error: code=-4184 msg=Limit price can't be lower than 80750
2026-06-08 20:25:43 | ERROR    | bot.cli                   | FAILURE | Binance API Error -4184: Limit price can't be lower than 80750
2026-06-08 20:26:01 | DEBUG    | bot.client                | BinanceClient initialised. Base URL: https://testnet.binancefuture.com
2026-06-08 20:26:02 | DEBUG    | bot.client                | Ping response: HTTP 200
2026-06-08 20:26:02 | INFO     | bot.orders                | [STOP_LIMIT] SELL BTCUSDT qty=0.002 price=84000.0 stopPrice=85000.0 tif=GTC
2026-06-08 20:26:02 | INFO     | bot.client                | Placing algo order | symbol=BTCUSDT side=SELL type=STOP qty=0.002 triggerPrice=85000.0 limitPrice=84000.0
2026-06-08 20:26:02 | INFO     | bot.client                | POST https://testnet.binancefuture.com/fapi/v1/algoOrder  body={'symbol': 'BTCUSDT', 'side': 'SELL', 'algoType': 'CONDITIONAL', 'type': 'STOP', 'quantity': 0.002, 'triggerPrice': 85000.0, 'timeInForce': 'GTC', 'price': 84000.0, 'timestamp': 1780930562083, 'recvWindow': 5000}
2026-06-08 20:26:02 | DEBUG    | bot.client                | HTTP 400  body={"code":-2021,"msg":"Order would immediately trigger."}
2026-06-08 20:26:02 | ERROR    | bot.client                | API error: code=-2021 msg=Order would immediately trigger.
2026-06-08 20:26:02 | ERROR    | bot.cli                   | FAILURE | Binance API Error -2021: Order would immediately trigger.
2026-06-08 20:26:09 | DEBUG    | bot.client                | BinanceClient initialised. Base URL: https://testnet.binancefuture.com
2026-06-08 20:26:09 | DEBUG    | bot.client                | Ping response: HTTP 200
2026-06-08 20:26:09 | INFO     | bot.orders                | [STOP_LIMIT] SELL BTCUSDT qty=0.002 price=119000.0 stopPrice=120000.0 tif=GTC
2026-06-08 20:26:09 | INFO     | bot.client                | Placing algo order | symbol=BTCUSDT side=SELL type=STOP qty=0.002 triggerPrice=120000.0 limitPrice=119000.0
2026-06-08 20:26:09 | INFO     | bot.client                | POST https://testnet.binancefuture.com/fapi/v1/algoOrder  body={'symbol': 'BTCUSDT', 'side': 'SELL', 'algoType': 'CONDITIONAL', 'type': 'STOP', 'quantity': 0.002, 'triggerPrice': 120000.0, 'timeInForce': 'GTC', 'price': 119000.0, 'timestamp': 1780930569678, 'recvWindow': 5000}
2026-06-08 20:26:09 | DEBUG    | bot.client                | HTTP 400  body={"code":-2021,"msg":"Order would immediately trigger."}
2026-06-08 20:26:09 | ERROR    | bot.client                | API error: code=-2021 msg=Order would immediately trigger.
2026-06-08 20:26:09 | ERROR    | bot.cli                   | FAILURE | Binance API Error -2021: Order would immediately trigger.
2026-06-08 20:26:20 | DEBUG    | bot.client                | BinanceClient initialised. Base URL: https://testnet.binancefuture.com
2026-06-08 20:26:20 | DEBUG    | bot.client                | Ping response: HTTP 200
2026-06-08 20:26:20 | INFO     | bot.orders                | [STOP_LIMIT] BUY BTCUSDT qty=0.002 price=110000.0 stopPrice=109000.0 tif=GTC
2026-06-08 20:26:20 | INFO     | bot.client                | Placing algo order | symbol=BTCUSDT side=BUY type=STOP qty=0.002 triggerPrice=109000.0 limitPrice=110000.0
2026-06-08 20:26:20 | INFO     | bot.client                | POST https://testnet.binancefuture.com/fapi/v1/algoOrder  body={'symbol': 'BTCUSDT', 'side': 'BUY', 'algoType': 'CONDITIONAL', 'type': 'STOP', 'quantity': 0.002, 'triggerPrice': 109000.0, 'timeInForce': 'GTC', 'price': 110000.0, 'timestamp': 1780930580252, 'recvWindow': 5000}
2026-06-08 20:26:20 | DEBUG    | bot.client                | HTTP 200  body={"algoId":1000000099438614,"clientAlgoId":"MEN5b9RdmHPyVnbveSJ4t2","algoType":"CONDITIONAL","orderType":"STOP","symbol":"BTCUSDT","side":"BUY","positionSide":"BOTH","timeInForce":"GTC","quantity":"0.0020","algoStatus":"NEW","triggerPrice":"109000.00","price":"110000.00","icebergQuantity":null,"selfTradePreventionMode":"EXPIRE_MAKER","workingType":"CONTRACT_PRICE","priceMatch":"NONE","closePosition":false,"priceProtect":false,"reduceOnly":false,"createTime":1780930580447,"updateTime":178093058044
2026-06-08 20:26:20 | INFO     | bot.client                | Algo order response: {'algoId': 1000000099438614, 'clientAlgoId': 'MEN5b9RdmHPyVnbveSJ4t2', 'algoType': 'CONDITIONAL', 'orderType': 'STOP', 'symbol': 'BTCUSDT', 'side': 'BUY', 'positionSide': 'BOTH', 'timeInForce': 'GTC', 'quantity': '0.0020', 'algoStatus': 'NEW', 'triggerPrice': '109000.00', 'price': '110000.00', 'icebergQuantity': None, 'selfTradePreventionMode': 'EXPIRE_MAKER', 'workingType': 'CONTRACT_PRICE', 'priceMatch': 'NONE', 'closePosition': False, 'priceProtect': False, 'reduceOnly': False, 'createTime': 1780930580447, 'updateTime': 1780930580447, 'triggerTime': 0, 'goodTillDate': 0}
2026-06-08 20:26:20 | INFO     | bot.orders                | [STOP_LIMIT] Order placed | orderId=0 status=
2026-06-08 20:26:20 | INFO     | bot.cli                   | SUCCESS | orderId=0 status=
2026-06-08 20:26:43 | DEBUG    | bot.client                | BinanceClient initialised. Base URL: https://testnet.binancefuture.com
2026-06-08 20:26:43 | DEBUG    | bot.client                | Ping response: HTTP 200
2026-06-08 20:26:43 | INFO     | bot.orders                | [STOP_LIMIT] BUY BTCUSDT qty=0.002 price=110000.0 stopPrice=109000.0 tif=GTC
2026-06-08 20:26:43 | INFO     | bot.client                | Placing algo order | symbol=BTCUSDT side=BUY type=STOP qty=0.002 triggerPrice=109000.0 limitPrice=110000.0
2026-06-08 20:26:43 | INFO     | bot.client                | POST https://testnet.binancefuture.com/fapi/v1/algoOrder  body={'symbol': 'BTCUSDT', 'side': 'BUY', 'algoType': 'CONDITIONAL', 'type': 'STOP', 'quantity': 0.002, 'triggerPrice': 109000.0, 'timeInForce': 'GTC', 'price': 110000.0, 'timestamp': 1780930603666, 'recvWindow': 5000}
2026-06-08 20:26:43 | DEBUG    | bot.client                | HTTP 200  body={"algoId":1000000099438791,"clientAlgoId":"6C3TyQcpBKH3qpllHwW0Sp","algoType":"CONDITIONAL","orderType":"STOP","symbol":"BTCUSDT","side":"BUY","positionSide":"BOTH","timeInForce":"GTC","quantity":"0.0020","algoStatus":"NEW","triggerPrice":"109000.00","price":"110000.00","icebergQuantity":null,"selfTradePreventionMode":"EXPIRE_MAKER","workingType":"CONTRACT_PRICE","priceMatch":"NONE","closePosition":false,"priceProtect":false,"reduceOnly":false,"createTime":1780930603856,"updateTime":178093060385
2026-06-08 20:26:43 | INFO     | bot.client                | Algo order response: {'algoId': 1000000099438791, 'clientAlgoId': '6C3TyQcpBKH3qpllHwW0Sp', 'algoType': 'CONDITIONAL', 'orderType': 'STOP', 'symbol': 'BTCUSDT', 'side': 'BUY', 'positionSide': 'BOTH', 'timeInForce': 'GTC', 'quantity': '0.0020', 'algoStatus': 'NEW', 'triggerPrice': '109000.00', 'price': '110000.00', 'icebergQuantity': None, 'selfTradePreventionMode': 'EXPIRE_MAKER', 'workingType': 'CONTRACT_PRICE', 'priceMatch': 'NONE', 'closePosition': False, 'priceProtect': False, 'reduceOnly': False, 'createTime': 1780930603856, 'updateTime': 1780930603856, 'triggerTime': 0, 'goodTillDate': 0}
2026-06-08 20:26:43 | INFO     | bot.orders                | [STOP_LIMIT] Order placed | orderId=1000000099438791 status=NEW
2026-06-08 20:26:43 | INFO     | bot.cli                   | SUCCESS | orderId=1000000099438791 status=NEW
2026-06-08 20:32:12 | INFO     | werkzeug                  | [31m[1mWARNING: This is a development server. Do not use it in a production deployment. Use a production WSGI server instead.[0m
 * Running on all addresses (0.0.0.0)
 * Running on http://127.0.0.1:5000
 * Running on http://192.168.0.102:5000
2026-06-08 20:32:12 | INFO     | werkzeug                  | [33mPress CTRL+C to quit[0m
2026-06-08 20:33:06 | DEBUG    | bot.client                | BinanceClient initialised. Base URL: https://testnet.binancefuture.com
2026-06-08 20:33:06 | DEBUG    | bot.client                | Ping response: HTTP 200
2026-06-08 20:33:06 | INFO     | werkzeug                  | 127.0.0.1 - - [08/Jun/2026 20:33:06] "GET /api/ping HTTP/1.1" 200 -
2026-06-08 20:33:16 | INFO     | bot.ui                    | [UI] Order request | symbol=BTCUSDT side=BUY type=MARKET qty=0.001 price=None stop=None
2026-06-08 20:33:16 | DEBUG    | bot.client                | BinanceClient initialised. Base URL: https://testnet.binancefuture.com
2026-06-08 20:33:16 | INFO     | bot.orders                | [MARKET] BUY BTCUSDT qty=0.001
2026-06-08 20:33:16 | INFO     | bot.client                | Placing order | symbol=BTCUSDT side=BUY type=MARKET qty=0.001 price=None stopPrice=None
2026-06-08 20:33:16 | INFO     | bot.client                | POST https://testnet.binancefuture.com/fapi/v1/order  body={'symbol': 'BTCUSDT', 'side': 'BUY', 'type': 'MARKET', 'quantity': 0.001, 'timestamp': 1780930996285, 'recvWindow': 5000}
2026-06-08 20:33:16 | DEBUG    | bot.client                | HTTP 200  body={"orderId":14505292468,"symbol":"BTCUSDT","status":"NEW","clientOrderId":"PK8se2X2IRRFoQOYuw9VNS","price":"0.00","origQty":"0.0010","executedQty":"0.0000","cumQty":"0.0000","timeInForce":"GTC","type":"MARKET","reduceOnly":false,"closePosition":false,"side":"BUY","positionSide":"BOTH","stopPrice":"0.00","workingType":"CONTRACT_PRICE","priceProtect":false,"origType":"MARKET","priceMatch":"NONE","selfTradePreventionMode":"EXPIRE_MAKER","goodTillDate":0,"updateTime":1780930996488}
2026-06-08 20:33:16 | INFO     | bot.client                | Order response: {'orderId': 14505292468, 'symbol': 'BTCUSDT', 'status': 'NEW', 'clientOrderId': 'PK8se2X2IRRFoQOYuw9VNS', 'price': '0.00', 'origQty': '0.0010', 'executedQty': '0.0000', 'cumQty': '0.0000', 'timeInForce': 'GTC', 'type': 'MARKET', 'reduceOnly': False, 'closePosition': False, 'side': 'BUY', 'positionSide': 'BOTH', 'stopPrice': '0.00', 'workingType': 'CONTRACT_PRICE', 'priceProtect': False, 'origType': 'MARKET', 'priceMatch': 'NONE', 'selfTradePreventionMode': 'EXPIRE_MAKER', 'goodTillDate': 0, 'updateTime': 1780930996488}
2026-06-08 20:33:16 | INFO     | bot.orders                | [MARKET] Order placed | orderId=14505292468 status=NEW executedQty=0.0000 avgPrice=0
2026-06-08 20:33:16 | INFO     | bot.ui                    | [UI] Order success | orderId=14505292468 status=NEW
2026-06-08 20:33:16 | INFO     | werkzeug                  | 127.0.0.1 - - [08/Jun/2026 20:33:16] "POST /api/order HTTP/1.1" 200 -
2026-06-08 20:33:25 | INFO     | bot.ui                    | [UI] Order request | symbol=BTCUSDT side=BUY type=LIMIT qty=0.001 price=30000 stop=None
2026-06-08 20:33:25 | WARNING  | bot.ui                    | [UI] Validation error: [quantity] Order notional too small: 0.001 x 30000.0 = $30.00 USDT. Binance requires at least $50.0 USDT. Use quantity >= 0.0017 at this price.
2026-06-08 20:33:25 | INFO     | werkzeug                  | 127.0.0.1 - - [08/Jun/2026 20:33:25] "[31m[1mPOST /api/order HTTP/1.1[0m" 400 -
2026-06-08 20:34:17 | INFO     | werkzeug                  | 127.0.0.1 - - [08/Jun/2026 20:34:17] "GET / HTTP/1.1" 200 -
2026-06-08 20:34:17 | DEBUG    | bot.client                | BinanceClient initialised. Base URL: https://testnet.binancefuture.com
2026-06-08 20:34:17 | INFO     | werkzeug                  | 127.0.0.1 - - [08/Jun/2026 20:34:17] "GET /favicon.ico HTTP/1.1" 200 -
2026-06-08 20:34:17 | DEBUG    | bot.client                | Ping response: HTTP 200
2026-06-08 20:34:17 | INFO     | werkzeug                  | 127.0.0.1 - - [08/Jun/2026 20:34:17] "GET /api/ping HTTP/1.1" 200 -
2026-06-08 20:34:32 | INFO     | bot.ui                    | [UI] Order request | symbol=BTCUSDT side=BUY type=MARKET qty=0.002 price=None stop=None
2026-06-08 20:34:32 | DEBUG    | bot.client                | BinanceClient initialised. Base URL: https://testnet.binancefuture.com
2026-06-08 20:34:32 | INFO     | bot.orders                | [MARKET] BUY BTCUSDT qty=0.002
2026-06-08 20:34:32 | INFO     | bot.client                | Placing order | symbol=BTCUSDT side=BUY type=MARKET qty=0.002 price=None stopPrice=None
2026-06-08 20:34:32 | INFO     | bot.client                | POST https://testnet.binancefuture.com/fapi/v1/order  body={'symbol': 'BTCUSDT', 'side': 'BUY', 'type': 'MARKET', 'quantity': 0.002, 'timestamp': 1780931072309, 'recvWindow': 5000}
2026-06-08 20:34:32 | DEBUG    | bot.client                | HTTP 200  body={"orderId":14505357123,"symbol":"BTCUSDT","status":"NEW","clientOrderId":"1voGe67f0KhBaw1GQ7r9Vd","price":"0.00","origQty":"0.0020","executedQty":"0.0000","cumQty":"0.0000","timeInForce":"GTC","type":"MARKET","reduceOnly":false,"closePosition":false,"side":"BUY","positionSide":"BOTH","stopPrice":"0.00","workingType":"CONTRACT_PRICE","priceProtect":false,"origType":"MARKET","priceMatch":"NONE","selfTradePreventionMode":"EXPIRE_MAKER","goodTillDate":0,"updateTime":1780931072544}
2026-06-08 20:34:32 | INFO     | bot.client                | Order response: {'orderId': 14505357123, 'symbol': 'BTCUSDT', 'status': 'NEW', 'clientOrderId': '1voGe67f0KhBaw1GQ7r9Vd', 'price': '0.00', 'origQty': '0.0020', 'executedQty': '0.0000', 'cumQty': '0.0000', 'timeInForce': 'GTC', 'type': 'MARKET', 'reduceOnly': False, 'closePosition': False, 'side': 'BUY', 'positionSide': 'BOTH', 'stopPrice': '0.00', 'workingType': 'CONTRACT_PRICE', 'priceProtect': False, 'origType': 'MARKET', 'priceMatch': 'NONE', 'selfTradePreventionMode': 'EXPIRE_MAKER', 'goodTillDate': 0, 'updateTime': 1780931072544}
2026-06-08 20:34:32 | INFO     | bot.orders                | [MARKET] Order placed | orderId=14505357123 status=NEW executedQty=0.0000 avgPrice=0
2026-06-08 20:34:32 | INFO     | bot.ui                    | [UI] Order success | orderId=14505357123 status=NEW
2026-06-08 20:34:32 | INFO     | werkzeug                  | 127.0.0.1 - - [08/Jun/2026 20:34:32] "POST /api/order HTTP/1.1" 200 -
2026-06-08 20:34:32 | DEBUG    | bot.client                | BinanceClient initialised. Base URL: https://testnet.binancefuture.com
2026-06-08 20:34:32 | DEBUG    | bot.client                | Ping response: HTTP 200
2026-06-08 20:34:32 | INFO     | werkzeug                  | 127.0.0.1 - - [08/Jun/2026 20:34:32] "GET /api/ping HTTP/1.1" 200 -
2026-06-08 20:34:41 | INFO     | bot.ui                    | [UI] Order request | symbol=BTCUSDT side=SELL type=MARKET qty=0.002 price=None stop=None
2026-06-08 20:34:41 | DEBUG    | bot.client                | BinanceClient initialised. Base URL: https://testnet.binancefuture.com
2026-06-08 20:34:41 | INFO     | bot.orders                | [MARKET] SELL BTCUSDT qty=0.002
2026-06-08 20:34:41 | INFO     | bot.client                | Placing order | symbol=BTCUSDT side=SELL type=MARKET qty=0.002 price=None stopPrice=None
2026-06-08 20:34:41 | INFO     | bot.client                | POST https://testnet.binancefuture.com/fapi/v1/order  body={'symbol': 'BTCUSDT', 'side': 'SELL', 'type': 'MARKET', 'quantity': 0.002, 'timestamp': 1780931081113, 'recvWindow': 5000}
2026-06-08 20:34:41 | DEBUG    | bot.client                | HTTP 200  body={"orderId":14505367028,"symbol":"BTCUSDT","status":"NEW","clientOrderId":"Z7VihVh97xEQ5Nw0aRaF9y","price":"0.00","origQty":"0.0020","executedQty":"0.0000","cumQty":"0.0000","timeInForce":"GTC","type":"MARKET","reduceOnly":false,"closePosition":false,"side":"SELL","positionSide":"BOTH","stopPrice":"0.00","workingType":"CONTRACT_PRICE","priceProtect":false,"origType":"MARKET","priceMatch":"NONE","selfTradePreventionMode":"EXPIRE_MAKER","goodTillDate":0,"updateTime":1780931081354}
2026-06-08 20:34:41 | INFO     | bot.client                | Order response: {'orderId': 14505367028, 'symbol': 'BTCUSDT', 'status': 'NEW', 'clientOrderId': 'Z7VihVh97xEQ5Nw0aRaF9y', 'price': '0.00', 'origQty': '0.0020', 'executedQty': '0.0000', 'cumQty': '0.0000', 'timeInForce': 'GTC', 'type': 'MARKET', 'reduceOnly': False, 'closePosition': False, 'side': 'SELL', 'positionSide': 'BOTH', 'stopPrice': '0.00', 'workingType': 'CONTRACT_PRICE', 'priceProtect': False, 'origType': 'MARKET', 'priceMatch': 'NONE', 'selfTradePreventionMode': 'EXPIRE_MAKER', 'goodTillDate': 0, 'updateTime': 1780931081354}
2026-06-08 20:34:41 | INFO     | bot.orders                | [MARKET] Order placed | orderId=14505367028 status=NEW executedQty=0.0000 avgPrice=0
2026-06-08 20:34:41 | INFO     | bot.ui                    | [UI] Order success | orderId=14505367028 status=NEW
2026-06-08 20:34:41 | INFO     | werkzeug                  | 127.0.0.1 - - [08/Jun/2026 20:34:41] "POST /api/order HTTP/1.1" 200 -
2026-06-08 20:34:47 | DEBUG    | bot.client                | BinanceClient initialised. Base URL: https://testnet.binancefuture.com
2026-06-08 20:34:47 | DEBUG    | bot.client                | Ping response: HTTP 200
2026-06-08 20:34:47 | INFO     | werkzeug                  | 127.0.0.1 - - [08/Jun/2026 20:34:47] "GET /api/ping HTTP/1.1" 200 -
2026-06-08 20:35:02 | DEBUG    | bot.client                | BinanceClient initialised. Base URL: https://testnet.binancefuture.com
2026-06-08 20:35:02 | DEBUG    | bot.client                | Ping response: HTTP 200
2026-06-08 20:35:02 | INFO     | werkzeug                  | 127.0.0.1 - - [08/Jun/2026 20:35:02] "GET /api/ping HTTP/1.1" 200 -
2026-06-08 20:35:04 | INFO     | bot.ui                    | [UI] Order request | symbol=BTCUSDT side=BUY type=LIMIT qty=0.002 price=10000 stop=None
2026-06-08 20:35:04 | WARNING  | bot.ui                    | [UI] Validation error: [quantity] Order notional too small: 0.002 x 10000.0 = $20.00 USDT. Binance requires at least $50.0 USDT. Use quantity >= 0.0050 at this price.
2026-06-08 20:35:04 | INFO     | werkzeug                  | 127.0.0.1 - - [08/Jun/2026 20:35:04] "[31m[1mPOST /api/order HTTP/1.1[0m" 400 -
2026-06-08 20:35:11 | INFO     | bot.ui                    | [UI] Order request | symbol=BTCUSDT side=BUY type=LIMIT qty=0.002 price=100000 stop=None
2026-06-08 20:35:11 | DEBUG    | bot.client                | BinanceClient initialised. Base URL: https://testnet.binancefuture.com
2026-06-08 20:35:11 | INFO     | bot.orders                | [LIMIT] BUY BTCUSDT qty=0.002 price=100000.0 tif=GTC
2026-06-08 20:35:11 | INFO     | bot.client                | Placing order | symbol=BTCUSDT side=BUY type=LIMIT qty=0.002 price=100000.0 stopPrice=None
2026-06-08 20:35:11 | INFO     | bot.client                | POST https://testnet.binancefuture.com/fapi/v1/order  body={'symbol': 'BTCUSDT', 'side': 'BUY', 'type': 'LIMIT', 'quantity': 0.002, 'price': 100000.0, 'timeInForce': 'GTC', 'timestamp': 1780931111353, 'recvWindow': 5000}
2026-06-08 20:35:11 | DEBUG    | bot.client                | HTTP 400  body={"code":-4016,"msg":"Limit price can't be higher than 67077.89."}
2026-06-08 20:35:11 | ERROR    | bot.client                | API error: code=-4016 msg=Limit price can't be higher than 67077.89.
2026-06-08 20:35:11 | ERROR    | bot.ui                    | [UI] API error: Binance API Error -4016: Limit price can't be higher than 67077.89.
2026-06-08 20:35:11 | INFO     | werkzeug                  | 127.0.0.1 - - [08/Jun/2026 20:35:11] "[31m[1mPOST /api/order HTTP/1.1[0m" 400 -
2026-06-08 20:35:17 | DEBUG    | bot.client                | BinanceClient initialised. Base URL: https://testnet.binancefuture.com
2026-06-08 20:35:17 | DEBUG    | bot.client                | Ping response: HTTP 200
2026-06-08 20:35:17 | INFO     | werkzeug                  | 127.0.0.1 - - [08/Jun/2026 20:35:17] "GET /api/ping HTTP/1.1" 200 -
2026-06-08 20:35:33 | DEBUG    | bot.client                | BinanceClient initialised. Base URL: https://testnet.binancefuture.com
2026-06-08 20:35:33 | DEBUG    | bot.client                | Ping response: HTTP 200
2026-06-08 20:35:33 | INFO     | werkzeug                  | 127.0.0.1 - - [08/Jun/2026 20:35:33] "GET /api/ping HTTP/1.1" 200 -
2026-06-08 20:35:47 | DEBUG    | bot.client                | BinanceClient initialised. Base URL: https://testnet.binancefuture.com
2026-06-08 20:35:47 | DEBUG    | bot.client                | Ping response: HTTP 200
2026-06-08 20:35:47 | INFO     | werkzeug                  | 127.0.0.1 - - [08/Jun/2026 20:35:47] "GET /api/ping HTTP/1.1" 200 -
2026-06-08 20:36:02 | DEBUG    | bot.client                | BinanceClient initialised. Base URL: https://testnet.binancefuture.com
2026-06-08 20:36:02 | DEBUG    | bot.client                | Ping response: HTTP 200
2026-06-08 20:36:02 | INFO     | werkzeug                  | 127.0.0.1 - - [08/Jun/2026 20:36:02] "GET /api/ping HTTP/1.1" 200 -
2026-06-08 20:36:17 | DEBUG    | bot.client                | BinanceClient initialised. Base URL: https://testnet.binancefuture.com
2026-06-08 20:36:17 | DEBUG    | bot.client                | Ping response: HTTP 200
2026-06-08 20:36:17 | INFO     | werkzeug                  | 127.0.0.1 - - [08/Jun/2026 20:36:17] "GET /api/ping HTTP/1.1" 200 -
2026-06-08 20:37:54 | INFO     | werkzeug                  | [31m[1mWARNING: This is a development server. Do not use it in a production deployment. Use a production WSGI server instead.[0m
 * Running on all addresses (0.0.0.0)
 * Running on http://127.0.0.1:5000
 * Running on http://192.168.0.102:5000
2026-06-08 20:37:54 | INFO     | werkzeug                  | [33mPress CTRL+C to quit[0m
2026-06-08 20:38:03 | DEBUG    | bot.client                | BinanceClient initialised. Base URL: https://testnet.binancefuture.com
2026-06-08 20:38:03 | DEBUG    | bot.client                | Ping response: HTTP 200
2026-06-08 20:38:03 | INFO     | werkzeug                  | 127.0.0.1 - - [08/Jun/2026 20:38:03] "GET /api/ping HTTP/1.1" 200 -
2026-06-08 20:38:11 | INFO     | bot.ui                    | Loaded 551 USDT-M symbols from exchangeInfo
2026-06-08 20:38:11 | INFO     | werkzeug                  | 127.0.0.1 - - [08/Jun/2026 20:38:11] "GET /api/symbols HTTP/1.1" 200 -
2026-06-08 20:38:18 | DEBUG    | bot.client                | BinanceClient initialised. Base URL: https://testnet.binancefuture.com
2026-06-08 20:38:18 | DEBUG    | bot.client                | Ping response: HTTP 200
2026-06-08 20:38:18 | INFO     | werkzeug                  | 127.0.0.1 - - [08/Jun/2026 20:38:18] "GET /api/ping HTTP/1.1" 200 -
2026-06-08 20:38:22 | INFO     | werkzeug                  | 127.0.0.1 - - [08/Jun/2026 20:38:22] "GET / HTTP/1.1" 200 -
2026-06-08 20:38:22 | INFO     | werkzeug                  | 127.0.0.1 - - [08/Jun/2026 20:38:22] "GET /api/symbols HTTP/1.1" 200 -
2026-06-08 20:38:22 | DEBUG    | bot.client                | BinanceClient initialised. Base URL: https://testnet.binancefuture.com
2026-06-08 20:38:23 | INFO     | werkzeug                  | 127.0.0.1 - - [08/Jun/2026 20:38:23] "GET /favicon.ico HTTP/1.1" 200 -
2026-06-08 20:38:23 | DEBUG    | bot.client                | Ping response: HTTP 200
2026-06-08 20:38:23 | INFO     | werkzeug                  | 127.0.0.1 - - [08/Jun/2026 20:38:23] "GET /api/ping HTTP/1.1" 200 -
2026-06-08 20:38:33 | DEBUG    | bot.client                | BinanceClient initialised. Base URL: https://testnet.binancefuture.com
2026-06-08 20:38:33 | DEBUG    | bot.client                | Ping response: HTTP 200
2026-06-08 20:38:33 | INFO     | werkzeug                  | 127.0.0.1 - - [08/Jun/2026 20:38:33] "GET /api/ping HTTP/1.1" 200 -
2026-06-08 20:38:38 | DEBUG    | bot.client                | BinanceClient initialised. Base URL: https://testnet.binancefuture.com
2026-06-08 20:38:38 | DEBUG    | bot.client                | Ping response: HTTP 200
2026-06-08 20:38:38 | INFO     | werkzeug                  | 127.0.0.1 - - [08/Jun/2026 20:38:38] "GET /api/ping HTTP/1.1" 200 -
2026-06-08 20:38:41 | INFO     | bot.ui                    | [UI] Order request | symbol=SPACEUSDT side=BUY type=MARKET qty=5 price=None stop=None
2026-06-08 20:38:41 | DEBUG    | bot.client                | BinanceClient initialised. Base URL: https://testnet.binancefuture.com
2026-06-08 20:38:41 | INFO     | bot.orders                | [MARKET] BUY SPACEUSDT qty=5.0
2026-06-08 20:38:41 | INFO     | bot.client                | Placing order | symbol=SPACEUSDT side=BUY type=MARKET qty=5.0 price=None stopPrice=None
2026-06-08 20:38:41 | INFO     | bot.client                | POST https://testnet.binancefuture.com/fapi/v1/order  body={'symbol': 'SPACEUSDT', 'side': 'BUY', 'type': 'MARKET', 'quantity': 5.0, 'timestamp': 1780931321318, 'recvWindow': 5000}
2026-06-08 20:38:41 | DEBUG    | bot.client                | HTTP 400  body={"code":-4164,"msg":"Order's notional must be no smaller than 5 (unless you choose reduce only)."}
2026-06-08 20:38:41 | ERROR    | bot.client                | API error: code=-4164 msg=Order's notional must be no smaller than 5 (unless you choose reduce only).
2026-06-08 20:38:41 | ERROR    | bot.ui                    | [UI] API error: Binance API Error -4164: Order's notional must be no smaller than 5 (unless you choose reduce only).
2026-06-08 20:38:41 | INFO     | werkzeug                  | 127.0.0.1 - - [08/Jun/2026 20:38:41] "[31m[1mPOST /api/order HTTP/1.1[0m" 400 -
2026-06-08 20:38:47 | INFO     | bot.ui                    | [UI] Order request | symbol=SPACEUSDT side=BUY type=MARKET qty=5 price=None stop=None
2026-06-08 20:38:47 | DEBUG    | bot.client                | BinanceClient initialised. Base URL: https://testnet.binancefuture.com
2026-06-08 20:38:47 | INFO     | bot.orders                | [MARKET] BUY SPACEUSDT qty=5.0
2026-06-08 20:38:47 | INFO     | bot.client                | Placing order | symbol=SPACEUSDT side=BUY type=MARKET qty=5.0 price=None stopPrice=None
2026-06-08 20:38:47 | INFO     | bot.client                | POST https://testnet.binancefuture.com/fapi/v1/order  body={'symbol': 'SPACEUSDT', 'side': 'BUY', 'type': 'MARKET', 'quantity': 5.0, 'timestamp': 1780931327790, 'recvWindow': 5000}
2026-06-08 20:38:47 | DEBUG    | bot.client                | HTTP 400  body={"code":-4164,"msg":"Order's notional must be no smaller than 5 (unless you choose reduce only)."}
2026-06-08 20:38:47 | ERROR    | bot.client                | API error: code=-4164 msg=Order's notional must be no smaller than 5 (unless you choose reduce only).
2026-06-08 20:38:47 | ERROR    | bot.ui                    | [UI] API error: Binance API Error -4164: Order's notional must be no smaller than 5 (unless you choose reduce only).
2026-06-08 20:38:47 | INFO     | werkzeug                  | 127.0.0.1 - - [08/Jun/2026 20:38:47] "[31m[1mPOST /api/order HTTP/1.1[0m" 400 -
2026-06-08 20:38:48 | DEBUG    | bot.client                | BinanceClient initialised. Base URL: https://testnet.binancefuture.com
2026-06-08 20:38:48 | DEBUG    | bot.client                | Ping response: HTTP 200
2026-06-08 20:38:48 | INFO     | werkzeug                  | 127.0.0.1 - - [08/Jun/2026 20:38:48] "GET /api/ping HTTP/1.1" 200 -
2026-06-08 20:38:53 | DEBUG    | bot.client                | BinanceClient initialised. Base URL: https://testnet.binancefuture.com
2026-06-08 20:38:53 | DEBUG    | bot.client                | Ping response: HTTP 200
2026-06-08 20:38:53 | INFO     | werkzeug                  | 127.0.0.1 - - [08/Jun/2026 20:38:53] "GET /api/ping HTTP/1.1" 200 -
2026-06-08 20:39:07 | DEBUG    | bot.client                | BinanceClient initialised. Base URL: https://testnet.binancefuture.com
2026-06-08 20:39:07 | DEBUG    | bot.client                | Ping response: HTTP 200
2026-06-08 20:39:08 | INFO     | werkzeug                  | 127.0.0.1 - - [08/Jun/2026 20:39:08] "GET /api/ping HTTP/1.1" 200 -
2026-06-08 20:39:08 | INFO     | bot.ui                    | [UI] Order request | symbol=SPACEUSDT side=BUY type=MARKET qty=0.001 price=None stop=None
2026-06-08 20:39:08 | DEBUG    | bot.client                | BinanceClient initialised. Base URL: https://testnet.binancefuture.com
2026-06-08 20:39:08 | INFO     | bot.orders                | [MARKET] BUY SPACEUSDT qty=0.001
2026-06-08 20:39:08 | INFO     | bot.client                | Placing order | symbol=SPACEUSDT side=BUY type=MARKET qty=0.001 price=None stopPrice=None
2026-06-08 20:39:08 | INFO     | bot.client                | POST https://testnet.binancefuture.com/fapi/v1/order  body={'symbol': 'SPACEUSDT', 'side': 'BUY', 'type': 'MARKET', 'quantity': 0.001, 'timestamp': 1780931348582, 'recvWindow': 5000}
2026-06-08 20:39:09 | DEBUG    | bot.client                | HTTP 400  body={"code":-1111,"msg":"Precision is over the maximum defined for this asset."}
2026-06-08 20:39:09 | ERROR    | bot.client                | API error: code=-1111 msg=Precision is over the maximum defined for this asset.
2026-06-08 20:39:09 | ERROR    | bot.ui                    | [UI] API error: Binance API Error -1111: Precision is over the maximum defined for this asset.
2026-06-08 20:39:09 | INFO     | werkzeug                  | 127.0.0.1 - - [08/Jun/2026 20:39:09] "[31m[1mPOST /api/order HTTP/1.1[0m" 400 -
2026-06-08 20:39:23 | DEBUG    | bot.client                | BinanceClient initialised. Base URL: https://testnet.binancefuture.com
2026-06-08 20:39:23 | DEBUG    | bot.client                | Ping response: HTTP 200
2026-06-08 20:39:23 | INFO     | werkzeug                  | 127.0.0.1 - - [08/Jun/2026 20:39:23] "GET /api/ping HTTP/1.1" 200 -
2026-06-08 20:39:31 | INFO     | bot.ui                    | [UI] Order request | symbol=US side=BUY type=MARKET qty=0.001 price=None stop=None
2026-06-08 20:39:31 | WARNING  | bot.ui                    | [UI] Validation error: [symbol] Symbol 'US' looks invalid. Expected something like BTCUSDT or ETHUSDT.
2026-06-08 20:39:31 | INFO     | werkzeug                  | 127.0.0.1 - - [08/Jun/2026 20:39:31] "[31m[1mPOST /api/order HTTP/1.1[0m" 400 -
2026-06-08 20:39:33 | DEBUG    | bot.client                | BinanceClient initialised. Base URL: https://testnet.binancefuture.com
2026-06-08 20:39:33 | DEBUG    | bot.client                | Ping response: HTTP 200
2026-06-08 20:39:33 | INFO     | werkzeug                  | 127.0.0.1 - - [08/Jun/2026 20:39:33] "GET /api/ping HTTP/1.1" 200 -
2026-06-08 20:39:37 | DEBUG    | bot.client                | BinanceClient initialised. Base URL: https://testnet.binancefuture.com
2026-06-08 20:39:38 | DEBUG    | bot.client                | Ping response: HTTP 200
2026-06-08 20:39:38 | INFO     | werkzeug                  | 127.0.0.1 - - [08/Jun/2026 20:39:38] "GET /api/ping HTTP/1.1" 200 -
2026-06-08 20:39:39 | INFO     | bot.ui                    | [UI] Order request | symbol=AIXBTUSDT side=BUY type=MARKET qty=0.001 price=None stop=None
2026-06-08 20:39:39 | DEBUG    | bot.client                | BinanceClient initialised. Base URL: https://testnet.binancefuture.com
2026-06-08 20:39:39 | INFO     | bot.orders                | [MARKET] BUY AIXBTUSDT qty=0.001
2026-06-08 20:39:39 | INFO     | bot.client                | Placing order | symbol=AIXBTUSDT side=BUY type=MARKET qty=0.001 price=None stopPrice=None
2026-06-08 20:39:39 | INFO     | bot.client                | POST https://testnet.binancefuture.com/fapi/v1/order  body={'symbol': 'AIXBTUSDT', 'side': 'BUY', 'type': 'MARKET', 'quantity': 0.001, 'timestamp': 1780931379153, 'recvWindow': 5000}
2026-06-08 20:39:39 | DEBUG    | bot.client                | HTTP 400  body={"code":-1111,"msg":"Precision is over the maximum defined for this asset."}
2026-06-08 20:39:39 | ERROR    | bot.client                | API error: code=-1111 msg=Precision is over the maximum defined for this asset.
2026-06-08 20:39:39 | ERROR    | bot.ui                    | [UI] API error: Binance API Error -1111: Precision is over the maximum defined for this asset.
2026-06-08 20:39:39 | INFO     | werkzeug                  | 127.0.0.1 - - [08/Jun/2026 20:39:39] "[31m[1mPOST /api/order HTTP/1.1[0m" 400 -
2026-06-08 20:39:47 | INFO     | bot.ui                    | [UI] Order request | symbol=AIXBTUSDT side=BUY type=MARKET qty=0.001 price=None stop=None
2026-06-08 20:39:47 | DEBUG    | bot.client                | BinanceClient initialised. Base URL: https://testnet.binancefuture.com
2026-06-08 20:39:47 | INFO     | bot.orders                | [MARKET] BUY AIXBTUSDT qty=0.001
2026-06-08 20:39:47 | INFO     | bot.client                | Placing order | symbol=AIXBTUSDT side=BUY type=MARKET qty=0.001 price=None stopPrice=None
2026-06-08 20:39:47 | INFO     | bot.client                | POST https://testnet.binancefuture.com/fapi/v1/order  body={'symbol': 'AIXBTUSDT', 'side': 'BUY', 'type': 'MARKET', 'quantity': 0.001, 'timestamp': 1780931387849, 'recvWindow': 5000}
2026-06-08 20:39:47 | DEBUG    | bot.client                | HTTP 400  body={"code":-1111,"msg":"Precision is over the maximum defined for this asset."}
2026-06-08 20:39:47 | ERROR    | bot.client                | API error: code=-1111 msg=Precision is over the maximum defined for this asset.
2026-06-08 20:39:47 | ERROR    | bot.ui                    | [UI] API error: Binance API Error -1111: Precision is over the maximum defined for this asset.
2026-06-08 20:39:47 | INFO     | werkzeug                  | 127.0.0.1 - - [08/Jun/2026 20:39:47] "[31m[1mPOST /api/order HTTP/1.1[0m" 400 -
2026-06-08 20:39:53 | DEBUG    | bot.client                | BinanceClient initialised. Base URL: https://testnet.binancefuture.com
2026-06-08 20:39:53 | DEBUG    | bot.client                | Ping response: HTTP 200
2026-06-08 20:39:53 | INFO     | werkzeug                  | 127.0.0.1 - - [08/Jun/2026 20:39:53] "GET /api/ping HTTP/1.1" 200 -
2026-06-08 20:39:54 | INFO     | bot.ui                    | [UI] Order request | symbol=AIXBTUSDT side=BUY type=MARKET qty=0.001 price=None stop=None
2026-06-08 20:39:54 | DEBUG    | bot.client                | BinanceClient initialised. Base URL: https://testnet.binancefuture.com
2026-06-08 20:39:54 | INFO     | bot.orders                | [MARKET] BUY AIXBTUSDT qty=0.001
2026-06-08 20:39:54 | INFO     | bot.client                | Placing order | symbol=AIXBTUSDT side=BUY type=MARKET qty=0.001 price=None stopPrice=None
2026-06-08 20:39:54 | INFO     | bot.client                | POST https://testnet.binancefuture.com/fapi/v1/order  body={'symbol': 'AIXBTUSDT', 'side': 'BUY', 'type': 'MARKET', 'quantity': 0.001, 'timestamp': 1780931394590, 'recvWindow': 5000}
2026-06-08 20:39:54 | DEBUG    | bot.client                | HTTP 400  body={"code":-1111,"msg":"Precision is over the maximum defined for this asset."}
2026-06-08 20:39:54 | ERROR    | bot.client                | API error: code=-1111 msg=Precision is over the maximum defined for this asset.
2026-06-08 20:39:54 | ERROR    | bot.ui                    | [UI] API error: Binance API Error -1111: Precision is over the maximum defined for this asset.
2026-06-08 20:39:54 | INFO     | werkzeug                  | 127.0.0.1 - - [08/Jun/2026 20:39:54] "[31m[1mPOST /api/order HTTP/1.1[0m" 400 -
2026-06-08 20:40:02 | INFO     | bot.ui                    | [UI] Order request | symbol=AIXBTUSDT side=BUY type=MARKET qty=0.001 price=None stop=None
2026-06-08 20:40:02 | DEBUG    | bot.client                | BinanceClient initialised. Base URL: https://testnet.binancefuture.com
2026-06-08 20:40:02 | INFO     | bot.orders                | [MARKET] BUY AIXBTUSDT qty=0.001
2026-06-08 20:40:02 | INFO     | bot.client                | Placing order | symbol=AIXBTUSDT side=BUY type=MARKET qty=0.001 price=None stopPrice=None
2026-06-08 20:40:02 | INFO     | bot.client                | POST https://testnet.binancefuture.com/fapi/v1/order  body={'symbol': 'AIXBTUSDT', 'side': 'BUY', 'type': 'MARKET', 'quantity': 0.001, 'timestamp': 1780931402339, 'recvWindow': 5000}
2026-06-08 20:40:02 | DEBUG    | bot.client                | HTTP 400  body={"code":-1111,"msg":"Precision is over the maximum defined for this asset."}
2026-06-08 20:40:02 | ERROR    | bot.client                | API error: code=-1111 msg=Precision is over the maximum defined for this asset.
2026-06-08 20:40:02 | ERROR    | bot.ui                    | [UI] API error: Binance API Error -1111: Precision is over the maximum defined for this asset.
2026-06-08 20:40:02 | INFO     | werkzeug                  | 127.0.0.1 - - [08/Jun/2026 20:40:02] "[31m[1mPOST /api/order HTTP/1.1[0m" 400 -
2026-06-08 20:40:07 | DEBUG    | bot.client                | BinanceClient initialised. Base URL: https://testnet.binancefuture.com
2026-06-08 20:40:08 | DEBUG    | bot.client                | Ping response: HTTP 200
2026-06-08 20:40:08 | INFO     | werkzeug                  | 127.0.0.1 - - [08/Jun/2026 20:40:08] "GET /api/ping HTTP/1.1" 200 -
2026-06-08 20:40:23 | DEBUG    | bot.client                | BinanceClient initialised. Base URL: https://testnet.binancefuture.com
2026-06-08 20:40:23 | DEBUG    | bot.client                | Ping response: HTTP 200
2026-06-08 20:40:23 | INFO     | werkzeug                  | 127.0.0.1 - - [08/Jun/2026 20:40:23] "GET /api/ping HTTP/1.1" 200 -
2026-06-08 20:41:24 | INFO     | werkzeug                  | [31m[1mWARNING: This is a development server. Do not use it in a production deployment. Use a production WSGI server instead.[0m
 * Running on all addresses (0.0.0.0)
 * Running on http://127.0.0.1:5000
 * Running on http://192.168.0.102:5000
2026-06-08 20:41:24 | INFO     | werkzeug                  | [33mPress CTRL+C to quit[0m
2026-06-08 20:41:24 | DEBUG    | bot.client                | BinanceClient initialised. Base URL: https://testnet.binancefuture.com
2026-06-08 20:41:24 | DEBUG    | bot.client                | Ping response: HTTP 200
2026-06-08 20:41:24 | INFO     | werkzeug                  | 127.0.0.1 - - [08/Jun/2026 20:41:24] "GET /api/ping HTTP/1.1" 200 -
2026-06-08 20:41:33 | DEBUG    | bot.client                | BinanceClient initialised. Base URL: https://testnet.binancefuture.com
2026-06-08 20:41:33 | DEBUG    | bot.client                | Ping response: HTTP 200
2026-06-08 20:41:33 | INFO     | werkzeug                  | 127.0.0.1 - - [08/Jun/2026 20:41:33] "GET /api/ping HTTP/1.1" 200 -
2026-06-08 20:41:38 | DEBUG    | bot.client                | BinanceClient initialised. Base URL: https://testnet.binancefuture.com
2026-06-08 20:41:38 | DEBUG    | bot.client                | Ping response: HTTP 200
2026-06-08 20:41:38 | INFO     | werkzeug                  | 127.0.0.1 - - [08/Jun/2026 20:41:38] "GET /api/ping HTTP/1.1" 200 -
2026-06-08 20:41:41 | INFO     | werkzeug                  | 127.0.0.1 - - [08/Jun/2026 20:41:41] "GET / HTTP/1.1" 200 -
2026-06-08 20:41:41 | DEBUG    | bot.client                | BinanceClient initialised. Base URL: https://testnet.binancefuture.com
2026-06-08 20:41:41 | INFO     | werkzeug                  | 127.0.0.1 - - [08/Jun/2026 20:41:41] "GET /favicon.ico HTTP/1.1" 200 -
2026-06-08 20:41:41 | DEBUG    | bot.client                | Ping response: HTTP 200
2026-06-08 20:41:41 | INFO     | bot.ui                    | Loaded 551 USDT-M symbols from exchangeInfo
2026-06-08 20:41:41 | INFO     | werkzeug                  | 127.0.0.1 - - [08/Jun/2026 20:41:41] "GET /api/symbols HTTP/1.1" 200 -
2026-06-08 20:41:42 | INFO     | werkzeug                  | 127.0.0.1 - - [08/Jun/2026 20:41:42] "GET /api/ping HTTP/1.1" 200 -
2026-06-08 20:41:53 | DEBUG    | bot.client                | BinanceClient initialised. Base URL: https://testnet.binancefuture.com
2026-06-08 20:41:53 | DEBUG    | bot.client                | Ping response: HTTP 200
2026-06-08 20:41:53 | INFO     | werkzeug                  | 127.0.0.1 - - [08/Jun/2026 20:41:53] "GET /api/ping HTTP/1.1" 200 -
2026-06-08 20:41:56 | DEBUG    | bot.client                | BinanceClient initialised. Base URL: https://testnet.binancefuture.com
2026-06-08 20:41:56 | DEBUG    | bot.client                | Ping response: HTTP 200
2026-06-08 20:41:56 | INFO     | werkzeug                  | 127.0.0.1 - - [08/Jun/2026 20:41:56] "GET /api/ping HTTP/1.1" 200 -
2026-06-08 20:42:08 | DEBUG    | bot.client                | BinanceClient initialised. Base URL: https://testnet.binancefuture.com
2026-06-08 20:42:08 | DEBUG    | bot.client                | Ping response: HTTP 200
2026-06-08 20:42:09 | INFO     | werkzeug                  | 127.0.0.1 - - [08/Jun/2026 20:42:09] "GET /api/ping HTTP/1.1" 200 -
2026-06-08 20:42:11 | DEBUG    | bot.client                | BinanceClient initialised. Base URL: https://testnet.binancefuture.com
2026-06-08 20:42:11 | DEBUG    | bot.client                | Ping response: HTTP 200
2026-06-08 20:42:11 | INFO     | werkzeug                  | 127.0.0.1 - - [08/Jun/2026 20:42:11] "GET /api/ping HTTP/1.1" 200 -
2026-06-08 20:42:26 | DEBUG    | bot.client                | BinanceClient initialised. Base URL: https://testnet.binancefuture.com
2026-06-08 20:42:26 | DEBUG    | bot.client                | Ping response: HTTP 200
2026-06-08 20:42:26 | INFO     | werkzeug                  | 127.0.0.1 - - [08/Jun/2026 20:42:26] "GET /api/ping HTTP/1.1" 200 -
2026-06-08 20:42:33 | DEBUG    | bot.client                | BinanceClient initialised. Base URL: https://testnet.binancefuture.com
2026-06-08 20:42:33 | DEBUG    | bot.client                | Ping response: HTTP 200
2026-06-08 20:42:33 | INFO     | werkzeug                  | 127.0.0.1 - - [08/Jun/2026 20:42:33] "GET /api/ping HTTP/1.1" 200 -
2026-06-08 20:42:33 | DEBUG    | bot.client                | BinanceClient initialised. Base URL: https://testnet.binancefuture.com
2026-06-08 20:42:33 | DEBUG    | bot.client                | Ping response: HTTP 200
2026-06-08 20:42:34 | INFO     | werkzeug                  | 127.0.0.1 - - [08/Jun/2026 20:42:34] "GET /api/ping HTTP/1.1" 200 -
2026-06-08 20:42:41 | DEBUG    | bot.client                | BinanceClient initialised. Base URL: https://testnet.binancefuture.com
2026-06-08 20:42:41 | DEBUG    | bot.client                | Ping response: HTTP 200
2026-06-08 20:42:41 | INFO     | werkzeug                  | 127.0.0.1 - - [08/Jun/2026 20:42:41] "GET /api/ping HTTP/1.1" 200 -
2026-06-08 20:42:56 | DEBUG    | bot.client                | BinanceClient initialised. Base URL: https://testnet.binancefuture.com
2026-06-08 20:42:56 | DEBUG    | bot.client                | Ping response: HTTP 200
2026-06-08 20:42:56 | INFO     | werkzeug                  | 127.0.0.1 - - [08/Jun/2026 20:42:56] "GET /api/ping HTTP/1.1" 200 -
2026-06-08 20:43:11 | DEBUG    | bot.client                | BinanceClient initialised. Base URL: https://testnet.binancefuture.com
2026-06-08 20:43:11 | DEBUG    | bot.client                | Ping response: HTTP 200
2026-06-08 20:43:11 | INFO     | werkzeug                  | 127.0.0.1 - - [08/Jun/2026 20:43:11] "GET /api/ping HTTP/1.1" 200 -
2026-06-08 20:43:26 | DEBUG    | bot.client                | BinanceClient initialised. Base URL: https://testnet.binancefuture.com
2026-06-08 20:43:26 | DEBUG    | bot.client                | Ping response: HTTP 200
2026-06-08 20:43:27 | INFO     | werkzeug                  | 127.0.0.1 - - [08/Jun/2026 20:43:27] "GET /api/ping HTTP/1.1" 200 -
2026-06-08 20:43:33 | DEBUG    | bot.client                | BinanceClient initialised. Base URL: https://testnet.binancefuture.com
2026-06-08 20:43:33 | DEBUG    | bot.client                | Ping response: HTTP 200
2026-06-08 20:43:33 | INFO     | werkzeug                  | 127.0.0.1 - - [08/Jun/2026 20:43:33] "GET /api/ping HTTP/1.1" 200 -
2026-06-08 20:43:33 | DEBUG    | bot.client                | BinanceClient initialised. Base URL: https://testnet.binancefuture.com
2026-06-08 20:43:33 | DEBUG    | bot.client                | Ping response: HTTP 200
2026-06-08 20:43:34 | INFO     | werkzeug                  | 127.0.0.1 - - [08/Jun/2026 20:43:34] "GET /api/ping HTTP/1.1" 200 -
2026-06-08 20:43:41 | DEBUG    | bot.client                | BinanceClient initialised. Base URL: https://testnet.binancefuture.com
2026-06-08 20:43:41 | DEBUG    | bot.client                | Ping response: HTTP 200
2026-06-08 20:43:41 | INFO     | werkzeug                  | 127.0.0.1 - - [08/Jun/2026 20:43:41] "GET /api/ping HTTP/1.1" 200 -
2026-06-08 20:43:56 | DEBUG    | bot.client                | BinanceClient initialised. Base URL: https://testnet.binancefuture.com
2026-06-08 20:43:56 | DEBUG    | bot.client                | Ping response: HTTP 200
2026-06-08 20:43:57 | INFO     | werkzeug                  | 127.0.0.1 - - [08/Jun/2026 20:43:57] "GET /api/ping HTTP/1.1" 200 -
2026-06-08 20:44:11 | DEBUG    | bot.client                | BinanceClient initialised. Base URL: https://testnet.binancefuture.com
2026-06-08 20:44:11 | DEBUG    | bot.client                | Ping response: HTTP 200
2026-06-08 20:44:11 | INFO     | werkzeug                  | 127.0.0.1 - - [08/Jun/2026 20:44:11] "GET /api/ping HTTP/1.1" 200 -
2026-06-08 20:44:26 | DEBUG    | bot.client                | BinanceClient initialised. Base URL: https://testnet.binancefuture.com
2026-06-08 20:44:26 | DEBUG    | bot.client                | Ping response: HTTP 200
2026-06-08 20:44:27 | INFO     | werkzeug                  | 127.0.0.1 - - [08/Jun/2026 20:44:27] "GET /api/ping HTTP/1.1" 200 -
2026-06-08 20:44:33 | DEBUG    | bot.client                | BinanceClient initialised. Base URL: https://testnet.binancefuture.com
2026-06-08 20:44:33 | DEBUG    | bot.client                | Ping response: HTTP 200
2026-06-08 20:44:33 | INFO     | werkzeug                  | 127.0.0.1 - - [08/Jun/2026 20:44:33] "GET /api/ping HTTP/1.1" 200 -
2026-06-08 20:44:33 | DEBUG    | bot.client                | BinanceClient initialised. Base URL: https://testnet.binancefuture.com
2026-06-08 20:44:33 | DEBUG    | bot.client                | Ping response: HTTP 200
2026-06-08 20:44:33 | INFO     | werkzeug                  | 127.0.0.1 - - [08/Jun/2026 20:44:33] "GET /api/ping HTTP/1.1" 200 -
2026-06-08 20:44:41 | DEBUG    | bot.client                | BinanceClient initialised. Base URL: https://testnet.binancefuture.com
2026-06-08 20:44:41 | DEBUG    | bot.client                | Ping response: HTTP 200
2026-06-08 20:44:41 | INFO     | werkzeug                  | 127.0.0.1 - - [08/Jun/2026 20:44:41] "GET /api/ping HTTP/1.1" 200 -
2026-06-08 20:44:50 | INFO     | bot.ui                    | [UI] Order request | symbol=BTCUSDT side=BUY type=MARKET qty=0.0001 price=None stop=None
2026-06-08 20:44:50 | DEBUG    | bot.client                | BinanceClient initialised. Base URL: https://testnet.binancefuture.com
2026-06-08 20:44:50 | INFO     | bot.orders                | [MARKET] BUY BTCUSDT qty=0.0001
2026-06-08 20:44:50 | INFO     | bot.client                | Placing order | symbol=BTCUSDT side=BUY type=MARKET qty=0.0001 price=None stopPrice=None
2026-06-08 20:44:50 | INFO     | bot.client                | POST https://testnet.binancefuture.com/fapi/v1/order  body={'symbol': 'BTCUSDT', 'side': 'BUY', 'type': 'MARKET', 'quantity': 0.0001, 'timestamp': 1780931690058, 'recvWindow': 5000}
2026-06-08 20:44:50 | DEBUG    | bot.client                | HTTP 400  body={"code":-4164,"msg":"Order's notional must be no smaller than 50 (unless you choose reduce only)."}
2026-06-08 20:44:50 | ERROR    | bot.client                | API error: code=-4164 msg=Order's notional must be no smaller than 50 (unless you choose reduce only).
2026-06-08 20:44:50 | ERROR    | bot.ui                    | [UI] API error: Binance API Error -4164: Order's notional must be no smaller than 50 (unless you choose reduce only).
2026-06-08 20:44:50 | INFO     | werkzeug                  | 127.0.0.1 - - [08/Jun/2026 20:44:50] "[31m[1mPOST /api/order HTTP/1.1[0m" 400 -
2026-06-08 20:44:56 | DEBUG    | bot.client                | BinanceClient initialised. Base URL: https://testnet.binancefuture.com
2026-06-08 20:44:56 | DEBUG    | bot.client                | Ping response: HTTP 200
2026-06-08 20:44:56 | INFO     | werkzeug                  | 127.0.0.1 - - [08/Jun/2026 20:44:56] "GET /api/ping HTTP/1.1" 200 -
2026-06-08 20:45:07 | INFO     | bot.ui                    | [UI] Order request | symbol=BTCUSDT side=BUY type=MARKET qty=0.0002 price=None stop=None
2026-06-08 20:45:07 | DEBUG    | bot.client                | BinanceClient initialised. Base URL: https://testnet.binancefuture.com
2026-06-08 20:45:07 | INFO     | bot.orders                | [MARKET] BUY BTCUSDT qty=0.0002
2026-06-08 20:45:07 | INFO     | bot.client                | Placing order | symbol=BTCUSDT side=BUY type=MARKET qty=0.0002 price=None stopPrice=None
2026-06-08 20:45:07 | INFO     | bot.client                | POST https://testnet.binancefuture.com/fapi/v1/order  body={'symbol': 'BTCUSDT', 'side': 'BUY', 'type': 'MARKET', 'quantity': 0.0002, 'timestamp': 1780931707649, 'recvWindow': 5000}
2026-06-08 20:45:07 | DEBUG    | bot.client                | HTTP 400  body={"code":-4164,"msg":"Order's notional must be no smaller than 50 (unless you choose reduce only)."}
2026-06-08 20:45:07 | ERROR    | bot.client                | API error: code=-4164 msg=Order's notional must be no smaller than 50 (unless you choose reduce only).
2026-06-08 20:45:07 | ERROR    | bot.ui                    | [UI] API error: Binance API Error -4164: Order's notional must be no smaller than 50 (unless you choose reduce only).
2026-06-08 20:45:07 | INFO     | werkzeug                  | 127.0.0.1 - - [08/Jun/2026 20:45:07] "[31m[1mPOST /api/order HTTP/1.1[0m" 400 -
2026-06-08 20:45:11 | DEBUG    | bot.client                | BinanceClient initialised. Base URL: https://testnet.binancefuture.com
2026-06-08 20:45:11 | DEBUG    | bot.client                | Ping response: HTTP 200
2026-06-08 20:45:11 | INFO     | werkzeug                  | 127.0.0.1 - - [08/Jun/2026 20:45:11] "GET /api/ping HTTP/1.1" 200 -
2026-06-08 20:45:16 | INFO     | bot.ui                    | [UI] Order request | symbol=BTCUSDT side=BUY type=MARKET qty=0.0005 price=None stop=None
2026-06-08 20:45:16 | DEBUG    | bot.client                | BinanceClient initialised. Base URL: https://testnet.binancefuture.com
2026-06-08 20:45:16 | INFO     | bot.orders                | [MARKET] BUY BTCUSDT qty=0.0005
2026-06-08 20:45:16 | INFO     | bot.client                | Placing order | symbol=BTCUSDT side=BUY type=MARKET qty=0.0005 price=None stopPrice=None
2026-06-08 20:45:16 | INFO     | bot.client                | POST https://testnet.binancefuture.com/fapi/v1/order  body={'symbol': 'BTCUSDT', 'side': 'BUY', 'type': 'MARKET', 'quantity': 0.0005, 'timestamp': 1780931716476, 'recvWindow': 5000}
2026-06-08 20:45:16 | DEBUG    | bot.client                | HTTP 400  body={"code":-4164,"msg":"Order's notional must be no smaller than 50 (unless you choose reduce only)."}
2026-06-08 20:45:16 | ERROR    | bot.client                | API error: code=-4164 msg=Order's notional must be no smaller than 50 (unless you choose reduce only).
2026-06-08 20:45:16 | ERROR    | bot.ui                    | [UI] API error: Binance API Error -4164: Order's notional must be no smaller than 50 (unless you choose reduce only).
2026-06-08 20:45:16 | INFO     | werkzeug                  | 127.0.0.1 - - [08/Jun/2026 20:45:16] "[31m[1mPOST /api/order HTTP/1.1[0m" 400 -
2026-06-08 20:45:26 | DEBUG    | bot.client                | BinanceClient initialised. Base URL: https://testnet.binancefuture.com
2026-06-08 20:45:26 | DEBUG    | bot.client                | Ping response: HTTP 200
2026-06-08 20:45:26 | INFO     | werkzeug                  | 127.0.0.1 - - [08/Jun/2026 20:45:26] "GET /api/ping HTTP/1.1" 200 -
2026-06-08 20:45:26 | INFO     | bot.ui                    | [UI] Order request | symbol=BTCUSDT side=BUY type=MARKET qty=50 price=None stop=None
2026-06-08 20:45:26 | DEBUG    | bot.client                | BinanceClient initialised. Base URL: https://testnet.binancefuture.com
2026-06-08 20:45:26 | INFO     | bot.orders                | [MARKET] BUY BTCUSDT qty=50.0
2026-06-08 20:45:26 | INFO     | bot.client                | Placing order | symbol=BTCUSDT side=BUY type=MARKET qty=50.0 price=None stopPrice=None
2026-06-08 20:45:26 | INFO     | bot.client                | POST https://testnet.binancefuture.com/fapi/v1/order  body={'symbol': 'BTCUSDT', 'side': 'BUY', 'type': 'MARKET', 'quantity': 50.0, 'timestamp': 1780931726780, 'recvWindow': 5000}
2026-06-08 20:45:27 | DEBUG    | bot.client                | HTTP 400  body={"code":-2019,"msg":"Margin is insufficient."}
2026-06-08 20:45:27 | ERROR    | bot.client                | API error: code=-2019 msg=Margin is insufficient.
2026-06-08 20:45:27 | ERROR    | bot.ui                    | [UI] API error: Binance API Error -2019: Margin is insufficient.
2026-06-08 20:45:27 | INFO     | werkzeug                  | 127.0.0.1 - - [08/Jun/2026 20:45:27] "[31m[1mPOST /api/order HTTP/1.1[0m" 400 -
2026-06-08 20:45:33 | DEBUG    | bot.client                | BinanceClient initialised. Base URL: https://testnet.binancefuture.com
2026-06-08 20:45:33 | DEBUG    | bot.client                | Ping response: HTTP 200
2026-06-08 20:45:33 | INFO     | werkzeug                  | 127.0.0.1 - - [08/Jun/2026 20:45:33] "GET /api/ping HTTP/1.1" 200 -
2026-06-08 20:45:33 | DEBUG    | bot.client                | BinanceClient initialised. Base URL: https://testnet.binancefuture.com
2026-06-08 20:45:34 | DEBUG    | bot.client                | Ping response: HTTP 200
2026-06-08 20:45:34 | INFO     | werkzeug                  | 127.0.0.1 - - [08/Jun/2026 20:45:34] "GET /api/ping HTTP/1.1" 200 -
2026-06-08 20:45:39 | INFO     | bot.ui                    | [UI] Order request | symbol=BTCUSDT side=BUY type=MARKET qty=0.0033 price=None stop=None
2026-06-08 20:45:39 | DEBUG    | bot.client                | BinanceClient initialised. Base URL: https://testnet.binancefuture.com
2026-06-08 20:45:39 | INFO     | bot.orders                | [MARKET] BUY BTCUSDT qty=0.0033
2026-06-08 20:45:39 | INFO     | bot.client                | Placing order | symbol=BTCUSDT side=BUY type=MARKET qty=0.0033 price=None stopPrice=None
2026-06-08 20:45:39 | INFO     | bot.client                | POST https://testnet.binancefuture.com/fapi/v1/order  body={'symbol': 'BTCUSDT', 'side': 'BUY', 'type': 'MARKET', 'quantity': 0.0033, 'timestamp': 1780931739098, 'recvWindow': 5000}
2026-06-08 20:45:39 | DEBUG    | bot.client                | HTTP 200  body={"orderId":14505805522,"symbol":"BTCUSDT","status":"NEW","clientOrderId":"KUUwbCsU6NRgvT8dG0ZFB6","price":"0.00","origQty":"0.0033","executedQty":"0.0000","cumQty":"0.0000","timeInForce":"GTC","type":"MARKET","reduceOnly":false,"closePosition":false,"side":"BUY","positionSide":"BOTH","stopPrice":"0.00","workingType":"CONTRACT_PRICE","priceProtect":false,"origType":"MARKET","priceMatch":"NONE","selfTradePreventionMode":"EXPIRE_MAKER","goodTillDate":0,"updateTime":1780931739328}
2026-06-08 20:45:39 | INFO     | bot.client                | Order response: {'orderId': 14505805522, 'symbol': 'BTCUSDT', 'status': 'NEW', 'clientOrderId': 'KUUwbCsU6NRgvT8dG0ZFB6', 'price': '0.00', 'origQty': '0.0033', 'executedQty': '0.0000', 'cumQty': '0.0000', 'timeInForce': 'GTC', 'type': 'MARKET', 'reduceOnly': False, 'closePosition': False, 'side': 'BUY', 'positionSide': 'BOTH', 'stopPrice': '0.00', 'workingType': 'CONTRACT_PRICE', 'priceProtect': False, 'origType': 'MARKET', 'priceMatch': 'NONE', 'selfTradePreventionMode': 'EXPIRE_MAKER', 'goodTillDate': 0, 'updateTime': 1780931739328}
2026-06-08 20:45:39 | INFO     | bot.orders                | [MARKET] Order placed | orderId=14505805522 status=NEW executedQty=0.0000 avgPrice=0
2026-06-08 20:45:39 | INFO     | bot.ui                    | [UI] Order success | orderId=14505805522 status=NEW
2026-06-08 20:45:39 | INFO     | werkzeug                  | 127.0.0.1 - - [08/Jun/2026 20:45:39] "POST /api/order HTTP/1.1" 200 -
2026-06-08 20:45:41 | DEBUG    | bot.client                | BinanceClient initialised. Base URL: https://testnet.binancefuture.com
2026-06-08 20:45:41 | DEBUG    | bot.client                | Ping response: HTTP 200
2026-06-08 20:45:41 | INFO     | werkzeug                  | 127.0.0.1 - - [08/Jun/2026 20:45:41] "GET /api/ping HTTP/1.1" 200 -
2026-06-08 20:45:49 | INFO     | bot.ui                    | [UI] Order request | symbol=BTCUSDT side=BUY type=MARKET qty=0.0003 price=None stop=None
2026-06-08 20:45:49 | DEBUG    | bot.client                | BinanceClient initialised. Base URL: https://testnet.binancefuture.com
2026-06-08 20:45:49 | INFO     | bot.orders                | [MARKET] BUY BTCUSDT qty=0.0003
2026-06-08 20:45:49 | INFO     | bot.client                | Placing order | symbol=BTCUSDT side=BUY type=MARKET qty=0.0003 price=None stopPrice=None
2026-06-08 20:45:49 | INFO     | bot.client                | POST https://testnet.binancefuture.com/fapi/v1/order  body={'symbol': 'BTCUSDT', 'side': 'BUY', 'type': 'MARKET', 'quantity': 0.0003, 'timestamp': 1780931749519, 'recvWindow': 5000}
2026-06-08 20:45:49 | DEBUG    | bot.client                | HTTP 400  body={"code":-4164,"msg":"Order's notional must be no smaller than 50 (unless you choose reduce only)."}
2026-06-08 20:45:49 | ERROR    | bot.client                | API error: code=-4164 msg=Order's notional must be no smaller than 50 (unless you choose reduce only).
2026-06-08 20:45:49 | ERROR    | bot.ui                    | [UI] API error: Binance API Error -4164: Order's notional must be no smaller than 50 (unless you choose reduce only).
2026-06-08 20:45:49 | INFO     | werkzeug                  | 127.0.0.1 - - [08/Jun/2026 20:45:49] "[31m[1mPOST /api/order HTTP/1.1[0m" 400 -
2026-06-08 20:45:53 | INFO     | bot.ui                    | [UI] Order request | symbol=BTCUSDT side=BUY type=MARKET qty=0.0005 price=None stop=None
2026-06-08 20:45:53 | DEBUG    | bot.client                | BinanceClient initialised. Base URL: https://testnet.binancefuture.com
2026-06-08 20:45:53 | INFO     | bot.orders                | [MARKET] BUY BTCUSDT qty=0.0005
2026-06-08 20:45:53 | INFO     | bot.client                | Placing order | symbol=BTCUSDT side=BUY type=MARKET qty=0.0005 price=None stopPrice=None
2026-06-08 20:45:53 | INFO     | bot.client                | POST https://testnet.binancefuture.com/fapi/v1/order  body={'symbol': 'BTCUSDT', 'side': 'BUY', 'type': 'MARKET', 'quantity': 0.0005, 'timestamp': 1780931753228, 'recvWindow': 5000}
2026-06-08 20:45:53 | DEBUG    | bot.client                | HTTP 400  body={"code":-4164,"msg":"Order's notional must be no smaller than 50 (unless you choose reduce only)."}
2026-06-08 20:45:53 | ERROR    | bot.client                | API error: code=-4164 msg=Order's notional must be no smaller than 50 (unless you choose reduce only).
2026-06-08 20:45:53 | ERROR    | bot.ui                    | [UI] API error: Binance API Error -4164: Order's notional must be no smaller than 50 (unless you choose reduce only).
2026-06-08 20:45:53 | INFO     | werkzeug                  | 127.0.0.1 - - [08/Jun/2026 20:45:53] "[31m[1mPOST /api/order HTTP/1.1[0m" 400 -
2026-06-08 20:45:56 | DEBUG    | bot.client                | BinanceClient initialised. Base URL: https://testnet.binancefuture.com
2026-06-08 20:45:56 | DEBUG    | bot.client                | Ping response: HTTP 200
2026-06-08 20:45:57 | INFO     | werkzeug                  | 127.0.0.1 - - [08/Jun/2026 20:45:57] "GET /api/ping HTTP/1.1" 200 -
2026-06-08 20:46:00 | INFO     | bot.ui                    | [UI] Order request | symbol=BTCUSDT side=BUY type=MARKET qty=0.0009 price=None stop=None
2026-06-08 20:46:00 | DEBUG    | bot.client                | BinanceClient initialised. Base URL: https://testnet.binancefuture.com
2026-06-08 20:46:00 | INFO     | bot.orders                | [MARKET] BUY BTCUSDT qty=0.0009
2026-06-08 20:46:00 | INFO     | bot.client                | Placing order | symbol=BTCUSDT side=BUY type=MARKET qty=0.0009 price=None stopPrice=None
2026-06-08 20:46:00 | INFO     | bot.client                | POST https://testnet.binancefuture.com/fapi/v1/order  body={'symbol': 'BTCUSDT', 'side': 'BUY', 'type': 'MARKET', 'quantity': 0.0009, 'timestamp': 1780931760231, 'recvWindow': 5000}
2026-06-08 20:46:00 | DEBUG    | bot.client                | HTTP 200  body={"orderId":14505814077,"symbol":"BTCUSDT","status":"NEW","clientOrderId":"Jw6y3gqrz6PAk2OxXmV0Uv","price":"0.00","origQty":"0.0009","executedQty":"0.0000","cumQty":"0.0000","timeInForce":"GTC","type":"MARKET","reduceOnly":false,"closePosition":false,"side":"BUY","positionSide":"BOTH","stopPrice":"0.00","workingType":"CONTRACT_PRICE","priceProtect":false,"origType":"MARKET","priceMatch":"NONE","selfTradePreventionMode":"EXPIRE_MAKER","goodTillDate":0,"updateTime":1780931760449}
2026-06-08 20:46:00 | INFO     | bot.client                | Order response: {'orderId': 14505814077, 'symbol': 'BTCUSDT', 'status': 'NEW', 'clientOrderId': 'Jw6y3gqrz6PAk2OxXmV0Uv', 'price': '0.00', 'origQty': '0.0009', 'executedQty': '0.0000', 'cumQty': '0.0000', 'timeInForce': 'GTC', 'type': 'MARKET', 'reduceOnly': False, 'closePosition': False, 'side': 'BUY', 'positionSide': 'BOTH', 'stopPrice': '0.00', 'workingType': 'CONTRACT_PRICE', 'priceProtect': False, 'origType': 'MARKET', 'priceMatch': 'NONE', 'selfTradePreventionMode': 'EXPIRE_MAKER', 'goodTillDate': 0, 'updateTime': 1780931760449}
2026-06-08 20:46:00 | INFO     | bot.orders                | [MARKET] Order placed | orderId=14505814077 status=NEW executedQty=0.0000 avgPrice=0
2026-06-08 20:46:00 | INFO     | bot.ui                    | [UI] Order success | orderId=14505814077 status=NEW
2026-06-08 20:46:00 | INFO     | werkzeug                  | 127.0.0.1 - - [08/Jun/2026 20:46:00] "POST /api/order HTTP/1.1" 200 -
2026-06-08 20:46:11 | DEBUG    | bot.client                | BinanceClient initialised. Base URL: https://testnet.binancefuture.com
2026-06-08 20:46:11 | DEBUG    | bot.client                | Ping response: HTTP 200
2026-06-08 20:46:12 | INFO     | werkzeug                  | 127.0.0.1 - - [08/Jun/2026 20:46:12] "GET /api/ping HTTP/1.1" 200 -
2026-06-08 20:46:24 | INFO     | bot.ui                    | [UI] Order request | symbol=AEVOUSDT side=BUY type=MARKET qty=0 price=None stop=None
2026-06-08 20:46:24 | WARNING  | bot.ui                    | [UI] Validation error: [quantity] Quantity must be greater than 0, got 0.0.
2026-06-08 20:46:24 | INFO     | werkzeug                  | 127.0.0.1 - - [08/Jun/2026 20:46:24] "[31m[1mPOST /api/order HTTP/1.1[0m" 400 -
2026-06-08 20:46:26 | DEBUG    | bot.client                | BinanceClient initialised. Base URL: https://testnet.binancefuture.com
2026-06-08 20:46:26 | DEBUG    | bot.client                | Ping response: HTTP 200
2026-06-08 20:46:27 | INFO     | werkzeug                  | 127.0.0.1 - - [08/Jun/2026 20:46:27] "GET /api/ping HTTP/1.1" 200 -
2026-06-08 20:46:30 | INFO     | bot.ui                    | [UI] Order request | symbol=AEVOUSDT side=BUY type=MARKET qty=0.1 price=None stop=None
2026-06-08 20:46:30 | DEBUG    | bot.client                | BinanceClient initialised. Base URL: https://testnet.binancefuture.com
2026-06-08 20:46:30 | INFO     | bot.orders                | [MARKET] BUY AEVOUSDT qty=0.1
2026-06-08 20:46:30 | INFO     | bot.client                | Placing order | symbol=AEVOUSDT side=BUY type=MARKET qty=0.1 price=None stopPrice=None
2026-06-08 20:46:30 | INFO     | bot.client                | POST https://testnet.binancefuture.com/fapi/v1/order  body={'symbol': 'AEVOUSDT', 'side': 'BUY', 'type': 'MARKET', 'quantity': 0.1, 'timestamp': 1780931790984, 'recvWindow': 5000}
2026-06-08 20:46:31 | DEBUG    | bot.client                | HTTP 400  body={"code":-4164,"msg":"Order's notional must be no smaller than 5 (unless you choose reduce only)."}
2026-06-08 20:46:31 | ERROR    | bot.client                | API error: code=-4164 msg=Order's notional must be no smaller than 5 (unless you choose reduce only).
2026-06-08 20:46:31 | ERROR    | bot.ui                    | [UI] API error: Binance API Error -4164: Order's notional must be no smaller than 5 (unless you choose reduce only).
2026-06-08 20:46:31 | INFO     | werkzeug                  | 127.0.0.1 - - [08/Jun/2026 20:46:31] "[31m[1mPOST /api/order HTTP/1.1[0m" 400 -
2026-06-08 20:46:33 | DEBUG    | bot.client                | BinanceClient initialised. Base URL: https://testnet.binancefuture.com
2026-06-08 20:46:33 | DEBUG    | bot.client                | Ping response: HTTP 200
2026-06-08 20:46:33 | INFO     | werkzeug                  | 127.0.0.1 - - [08/Jun/2026 20:46:33] "GET /api/ping HTTP/1.1" 200 -
2026-06-08 20:46:33 | DEBUG    | bot.client                | BinanceClient initialised. Base URL: https://testnet.binancefuture.com
2026-06-08 20:46:34 | DEBUG    | bot.client                | Ping response: HTTP 200
2026-06-08 20:46:34 | INFO     | werkzeug                  | 127.0.0.1 - - [08/Jun/2026 20:46:34] "GET /api/ping HTTP/1.1" 200 -
2026-06-08 20:46:36 | INFO     | bot.ui                    | [UI] Order request | symbol=AEVOUSDT side=BUY type=MARKET qty=0.5 price=None stop=None
2026-06-08 20:46:36 | DEBUG    | bot.client                | BinanceClient initialised. Base URL: https://testnet.binancefuture.com
2026-06-08 20:46:36 | INFO     | bot.orders                | [MARKET] BUY AEVOUSDT qty=0.5
2026-06-08 20:46:36 | INFO     | bot.client                | Placing order | symbol=AEVOUSDT side=BUY type=MARKET qty=0.5 price=None stopPrice=None
2026-06-08 20:46:36 | INFO     | bot.client                | POST https://testnet.binancefuture.com/fapi/v1/order  body={'symbol': 'AEVOUSDT', 'side': 'BUY', 'type': 'MARKET', 'quantity': 0.5, 'timestamp': 1780931796711, 'recvWindow': 5000}
2026-06-08 20:46:36 | DEBUG    | bot.client                | HTTP 400  body={"code":-4164,"msg":"Order's notional must be no smaller than 5 (unless you choose reduce only)."}
2026-06-08 20:46:36 | ERROR    | bot.client                | API error: code=-4164 msg=Order's notional must be no smaller than 5 (unless you choose reduce only).
2026-06-08 20:46:36 | ERROR    | bot.ui                    | [UI] API error: Binance API Error -4164: Order's notional must be no smaller than 5 (unless you choose reduce only).
2026-06-08 20:46:36 | INFO     | werkzeug                  | 127.0.0.1 - - [08/Jun/2026 20:46:36] "[31m[1mPOST /api/order HTTP/1.1[0m" 400 -
2026-06-08 20:46:41 | DEBUG    | bot.client                | BinanceClient initialised. Base URL: https://testnet.binancefuture.com
2026-06-08 20:46:41 | DEBUG    | bot.client                | Ping response: HTTP 200
2026-06-08 20:46:41 | INFO     | werkzeug                  | 127.0.0.1 - - [08/Jun/2026 20:46:41] "GET /api/ping HTTP/1.1" 200 -
2026-06-08 20:46:42 | INFO     | bot.ui                    | [UI] Order request | symbol=AEVOUSDT side=BUY type=MARKET qty=2 price=None stop=None
2026-06-08 20:46:42 | DEBUG    | bot.client                | BinanceClient initialised. Base URL: https://testnet.binancefuture.com
2026-06-08 20:46:42 | INFO     | bot.orders                | [MARKET] BUY AEVOUSDT qty=2.0
2026-06-08 20:46:42 | INFO     | bot.client                | Placing order | symbol=AEVOUSDT side=BUY type=MARKET qty=2.0 price=None stopPrice=None
2026-06-08 20:46:42 | INFO     | bot.client                | POST https://testnet.binancefuture.com/fapi/v1/order  body={'symbol': 'AEVOUSDT', 'side': 'BUY', 'type': 'MARKET', 'quantity': 2.0, 'timestamp': 1780931802466, 'recvWindow': 5000}
2026-06-08 20:46:42 | DEBUG    | bot.client                | HTTP 400  body={"code":-4164,"msg":"Order's notional must be no smaller than 5 (unless you choose reduce only)."}
2026-06-08 20:46:42 | ERROR    | bot.client                | API error: code=-4164 msg=Order's notional must be no smaller than 5 (unless you choose reduce only).
2026-06-08 20:46:42 | ERROR    | bot.ui                    | [UI] API error: Binance API Error -4164: Order's notional must be no smaller than 5 (unless you choose reduce only).
2026-06-08 20:46:42 | INFO     | werkzeug                  | 127.0.0.1 - - [08/Jun/2026 20:46:42] "[31m[1mPOST /api/order HTTP/1.1[0m" 400 -
2026-06-08 20:46:51 | INFO     | bot.ui                    | [UI] Order request | symbol=AEVOUSDT side=BUY type=MARKET qty=5 price=None stop=None
2026-06-08 20:46:51 | DEBUG    | bot.client                | BinanceClient initialised. Base URL: https://testnet.binancefuture.com
2026-06-08 20:46:51 | INFO     | bot.orders                | [MARKET] BUY AEVOUSDT qty=5.0
2026-06-08 20:46:51 | INFO     | bot.client                | Placing order | symbol=AEVOUSDT side=BUY type=MARKET qty=5.0 price=None stopPrice=None
2026-06-08 20:46:51 | INFO     | bot.client                | POST https://testnet.binancefuture.com/fapi/v1/order  body={'symbol': 'AEVOUSDT', 'side': 'BUY', 'type': 'MARKET', 'quantity': 5.0, 'timestamp': 1780931811068, 'recvWindow': 5000}
2026-06-08 20:46:51 | DEBUG    | bot.client                | HTTP 400  body={"code":-4164,"msg":"Order's notional must be no smaller than 5 (unless you choose reduce only)."}
2026-06-08 20:46:51 | ERROR    | bot.client                | API error: code=-4164 msg=Order's notional must be no smaller than 5 (unless you choose reduce only).
2026-06-08 20:46:51 | ERROR    | bot.ui                    | [UI] API error: Binance API Error -4164: Order's notional must be no smaller than 5 (unless you choose reduce only).
2026-06-08 20:46:51 | INFO     | werkzeug                  | 127.0.0.1 - - [08/Jun/2026 20:46:51] "[31m[1mPOST /api/order HTTP/1.1[0m" 400 -
2026-06-08 20:46:56 | DEBUG    | bot.client                | BinanceClient initialised. Base URL: https://testnet.binancefuture.com
2026-06-08 20:46:56 | DEBUG    | bot.client                | Ping response: HTTP 200
2026-06-08 20:46:56 | INFO     | werkzeug                  | 127.0.0.1 - - [08/Jun/2026 20:46:56] "GET /api/ping HTTP/1.1" 200 -
2026-06-08 20:46:57 | INFO     | bot.ui                    | [UI] Order request | symbol=AEVOUSDT side=BUY type=MARKET qty=5.1 price=None stop=None
2026-06-08 20:46:57 | DEBUG    | bot.client                | BinanceClient initialised. Base URL: https://testnet.binancefuture.com
2026-06-08 20:46:58 | INFO     | bot.orders                | [MARKET] BUY AEVOUSDT qty=5.1
2026-06-08 20:46:58 | INFO     | bot.client                | Placing order | symbol=AEVOUSDT side=BUY type=MARKET qty=5.1 price=None stopPrice=None
2026-06-08 20:46:58 | INFO     | bot.client                | POST https://testnet.binancefuture.com/fapi/v1/order  body={'symbol': 'AEVOUSDT', 'side': 'BUY', 'type': 'MARKET', 'quantity': 5.1, 'timestamp': 1780931818001, 'recvWindow': 5000}
2026-06-08 20:46:58 | DEBUG    | bot.client                | HTTP 400  body={"code":-4164,"msg":"Order's notional must be no smaller than 5 (unless you choose reduce only)."}
2026-06-08 20:46:58 | ERROR    | bot.client                | API error: code=-4164 msg=Order's notional must be no smaller than 5 (unless you choose reduce only).
2026-06-08 20:46:58 | ERROR    | bot.ui                    | [UI] API error: Binance API Error -4164: Order's notional must be no smaller than 5 (unless you choose reduce only).
2026-06-08 20:46:58 | INFO     | werkzeug                  | 127.0.0.1 - - [08/Jun/2026 20:46:58] "[31m[1mPOST /api/order HTTP/1.1[0m" 400 -
2026-06-08 20:47:11 | DEBUG    | bot.client                | BinanceClient initialised. Base URL: https://testnet.binancefuture.com
2026-06-08 20:47:11 | DEBUG    | bot.client                | Ping response: HTTP 200
2026-06-08 20:47:11 | INFO     | werkzeug                  | 127.0.0.1 - - [08/Jun/2026 20:47:11] "GET /api/ping HTTP/1.1" 200 -
2026-06-08 20:47:26 | DEBUG    | bot.client                | BinanceClient initialised. Base URL: https://testnet.binancefuture.com
2026-06-08 20:47:26 | DEBUG    | bot.client                | Ping response: HTTP 200
2026-06-08 20:47:27 | INFO     | werkzeug                  | 127.0.0.1 - - [08/Jun/2026 20:47:27] "GET /api/ping HTTP/1.1" 200 -
2026-06-08 20:47:33 | DEBUG    | bot.client                | BinanceClient initialised. Base URL: https://testnet.binancefuture.com
2026-06-08 20:47:33 | DEBUG    | bot.client                | Ping response: HTTP 200
2026-06-08 20:47:34 | INFO     | werkzeug                  | 127.0.0.1 - - [08/Jun/2026 20:47:34] "GET /api/ping HTTP/1.1" 200 -
2026-06-08 20:47:34 | DEBUG    | bot.client                | BinanceClient initialised. Base URL: https://testnet.binancefuture.com
2026-06-08 20:47:34 | DEBUG    | bot.client                | Ping response: HTTP 200
2026-06-08 20:47:34 | INFO     | werkzeug                  | 127.0.0.1 - - [08/Jun/2026 20:47:34] "GET /api/ping HTTP/1.1" 200 -
2026-06-08 20:48:34 | INFO     | werkzeug                  | [31m[1mWARNING: This is a development server. Do not use it in a production deployment. Use a production WSGI server instead.[0m
 * Running on all addresses (0.0.0.0)
 * Running on http://127.0.0.1:5000
 * Running on http://192.168.0.102:5000
2026-06-08 20:48:34 | INFO     | werkzeug                  | [33mPress CTRL+C to quit[0m
2026-06-08 20:48:34 | DEBUG    | bot.client                | BinanceClient initialised. Base URL: https://testnet.binancefuture.com
2026-06-08 20:48:35 | DEBUG    | bot.client                | Ping response: HTTP 200
2026-06-08 20:48:35 | INFO     | werkzeug                  | 127.0.0.1 - - [08/Jun/2026 20:48:35] "GET /api/ping HTTP/1.1" 200 -
2026-06-08 20:48:35 | DEBUG    | bot.client                | BinanceClient initialised. Base URL: https://testnet.binancefuture.com
2026-06-08 20:48:35 | DEBUG    | bot.client                | Ping response: HTTP 200
2026-06-08 20:48:35 | INFO     | werkzeug                  | 127.0.0.1 - - [08/Jun/2026 20:48:35] "GET /api/ping HTTP/1.1" 200 -
2026-06-08 20:48:41 | DEBUG    | bot.client                | BinanceClient initialised. Base URL: https://testnet.binancefuture.com
2026-06-08 20:48:41 | DEBUG    | bot.client                | Ping response: HTTP 200
2026-06-08 20:48:41 | INFO     | werkzeug                  | 127.0.0.1 - - [08/Jun/2026 20:48:41] "GET /api/ping HTTP/1.1" 200 -
2026-06-08 20:48:50 | INFO     | werkzeug                  | 127.0.0.1 - - [08/Jun/2026 20:48:50] "GET / HTTP/1.1" 200 -
2026-06-08 20:48:51 | DEBUG    | bot.client                | BinanceClient initialised. Base URL: https://testnet.binancefuture.com
2026-06-08 20:48:51 | INFO     | werkzeug                  | 127.0.0.1 - - [08/Jun/2026 20:48:51] "GET /favicon.ico HTTP/1.1" 200 -
2026-06-08 20:48:51 | INFO     | bot.ui                    | Loaded 551 USDT-M symbols from exchangeInfo
2026-06-08 20:48:51 | INFO     | werkzeug                  | 127.0.0.1 - - [08/Jun/2026 20:48:51] "GET /api/symbols HTTP/1.1" 200 -
2026-06-08 20:48:51 | DEBUG    | bot.client                | Ping response: HTTP 200
2026-06-08 20:48:51 | INFO     | werkzeug                  | 127.0.0.1 - - [08/Jun/2026 20:48:51] "GET /api/ping HTTP/1.1" 200 -
2026-06-08 20:48:57 | DEBUG    | bot.client                | BinanceClient initialised. Base URL: https://testnet.binancefuture.com
2026-06-08 20:48:57 | DEBUG    | bot.client                | Ping response: HTTP 200
2026-06-08 20:48:57 | INFO     | werkzeug                  | 127.0.0.1 - - [08/Jun/2026 20:48:57] "GET /api/ping HTTP/1.1" 200 -
2026-06-08 20:49:00 | INFO     | bot.ui                    | [UI] Order request | symbol=BTCUSDT side=BUY type=MARKET qty=0.0001 price=None stop=None
2026-06-08 20:49:00 | DEBUG    | bot.client                | BinanceClient initialised. Base URL: https://testnet.binancefuture.com
2026-06-08 20:49:00 | INFO     | bot.orders                | [MARKET] BUY BTCUSDT qty=0.0001
2026-06-08 20:49:00 | INFO     | bot.client                | Placing order | symbol=BTCUSDT side=BUY type=MARKET qty=0.0001 price=None stopPrice=None
2026-06-08 20:49:00 | INFO     | bot.client                | POST https://testnet.binancefuture.com/fapi/v1/order  body={'symbol': 'BTCUSDT', 'side': 'BUY', 'type': 'MARKET', 'quantity': 0.0001, 'timestamp': 1780931940852, 'recvWindow': 5000}
2026-06-08 20:49:00 | DEBUG    | bot.client                | HTTP 400  body={"code":-4164,"msg":"Order's notional must be no smaller than 50 (unless you choose reduce only)."}
2026-06-08 20:49:00 | ERROR    | bot.client                | API error: code=-4164 msg=Order's notional must be no smaller than 50 (unless you choose reduce only).
2026-06-08 20:49:00 | ERROR    | bot.ui                    | [UI] API error: Binance API Error -4164: Order's notional must be no smaller than 50 (unless you choose reduce only).
2026-06-08 20:49:00 | INFO     | werkzeug                  | 127.0.0.1 - - [08/Jun/2026 20:49:00] "[31m[1mPOST /api/order HTTP/1.1[0m" 400 -
2026-06-08 20:49:06 | DEBUG    | bot.client                | BinanceClient initialised. Base URL: https://testnet.binancefuture.com
2026-06-08 20:49:06 | DEBUG    | bot.client                | Ping response: HTTP 200
2026-06-08 20:49:06 | INFO     | werkzeug                  | 127.0.0.1 - - [08/Jun/2026 20:49:06] "GET /api/ping HTTP/1.1" 200 -
2026-06-08 20:49:12 | DEBUG    | bot.client                | BinanceClient initialised. Base URL: https://testnet.binancefuture.com
2026-06-08 20:49:12 | DEBUG    | bot.client                | Ping response: HTTP 200
2026-06-08 20:49:12 | INFO     | werkzeug                  | 127.0.0.1 - - [08/Jun/2026 20:49:12] "GET /api/ping HTTP/1.1" 200 -
2026-06-08 20:49:21 | DEBUG    | bot.client                | BinanceClient initialised. Base URL: https://testnet.binancefuture.com
2026-06-08 20:49:21 | DEBUG    | bot.client                | Ping response: HTTP 200
2026-06-08 20:49:21 | INFO     | werkzeug                  | 127.0.0.1 - - [08/Jun/2026 20:49:21] "GET /api/ping HTTP/1.1" 200 -
2026-06-08 20:49:27 | DEBUG    | bot.client                | BinanceClient initialised. Base URL: https://testnet.binancefuture.com
2026-06-08 20:49:27 | DEBUG    | bot.client                | Ping response: HTTP 200
2026-06-08 20:49:27 | INFO     | werkzeug                  | 127.0.0.1 - - [08/Jun/2026 20:49:27] "GET /api/ping HTTP/1.1" 200 -
2026-06-08 20:49:33 | DEBUG    | bot.client                | BinanceClient initialised. Base URL: https://testnet.binancefuture.com
2026-06-08 20:49:33 | DEBUG    | bot.client                | Ping response: HTTP 200
2026-06-08 20:49:33 | INFO     | werkzeug                  | 127.0.0.1 - - [08/Jun/2026 20:49:33] "GET /api/ping HTTP/1.1" 200 -
2026-06-08 20:49:33 | DEBUG    | bot.client                | BinanceClient initialised. Base URL: https://testnet.binancefuture.com
2026-06-08 20:49:34 | DEBUG    | bot.client                | Ping response: HTTP 200
2026-06-08 20:49:34 | INFO     | werkzeug                  | 127.0.0.1 - - [08/Jun/2026 20:49:34] "GET /api/ping HTTP/1.1" 200 -
2026-06-08 20:49:36 | DEBUG    | bot.client                | BinanceClient initialised. Base URL: https://testnet.binancefuture.com
2026-06-08 20:49:36 | DEBUG    | bot.client                | Ping response: HTTP 200
2026-06-08 20:49:36 | INFO     | werkzeug                  | 127.0.0.1 - - [08/Jun/2026 20:49:36] "GET /api/ping HTTP/1.1" 200 -
2026-06-08 20:49:42 | DEBUG    | bot.client                | BinanceClient initialised. Base URL: https://testnet.binancefuture.com
2026-06-08 20:49:42 | DEBUG    | bot.client                | Ping response: HTTP 200
2026-06-08 20:49:42 | INFO     | werkzeug                  | 127.0.0.1 - - [08/Jun/2026 20:49:42] "GET /api/ping HTTP/1.1" 200 -
2026-06-08 20:49:51 | DEBUG    | bot.client                | BinanceClient initialised. Base URL: https://testnet.binancefuture.com
2026-06-08 20:49:51 | DEBUG    | bot.client                | Ping response: HTTP 200
2026-06-08 20:49:51 | INFO     | werkzeug                  | 127.0.0.1 - - [08/Jun/2026 20:49:51] "GET /api/ping HTTP/1.1" 200 -
2026-06-08 20:51:07 | INFO     | werkzeug                  | [31m[1mWARNING: This is a development server. Do not use it in a production deployment. Use a production WSGI server instead.[0m
 * Running on all addresses (0.0.0.0)
 * Running on http://127.0.0.1:5000
 * Running on http://192.168.0.102:5000
2026-06-08 20:51:07 | INFO     | werkzeug                  | [33mPress CTRL+C to quit[0m
2026-06-08 20:51:22 | INFO     | werkzeug                  | 127.0.0.1 - - [08/Jun/2026 20:51:22] "GET /api/price/BTCUSDT HTTP/1.1" 200 -
2026-06-08 20:51:22 | INFO     | werkzeug                  | 127.0.0.1 - - [08/Jun/2026 20:51:22] "GET /api/price/AEVOUSDT HTTP/1.1" 200 -
2026-06-08 20:51:32 | INFO     | werkzeug                  | 127.0.0.1 - - [08/Jun/2026 20:51:32] "GET / HTTP/1.1" 200 -
2026-06-08 20:51:33 | INFO     | bot.ui                    | Loaded 551 USDT-M symbols from exchangeInfo
2026-06-08 20:51:33 | INFO     | werkzeug                  | 127.0.0.1 - - [08/Jun/2026 20:51:33] "GET /api/symbols HTTP/1.1" 200 -
2026-06-08 20:51:33 | DEBUG    | bot.client                | BinanceClient initialised. Base URL: https://testnet.binancefuture.com
2026-06-08 20:51:33 | INFO     | werkzeug                  | 127.0.0.1 - - [08/Jun/2026 20:51:33] "GET /favicon.ico HTTP/1.1" 200 -
2026-06-08 20:51:33 | DEBUG    | bot.client                | Ping response: HTTP 200
2026-06-08 20:51:33 | INFO     | werkzeug                  | 127.0.0.1 - - [08/Jun/2026 20:51:33] "GET /api/ping HTTP/1.1" 200 -
2026-06-08 20:51:33 | INFO     | werkzeug                  | 127.0.0.1 - - [08/Jun/2026 20:51:33] "GET /api/price/BTCUSDT HTTP/1.1" 200 -
2026-06-08 20:51:44 | INFO     | bot.ui                    | [UI] Order request | symbol=BTCUSDT side=BUY type=MARKET qty=0.0008 price=None stop=None
2026-06-08 20:51:44 | DEBUG    | bot.client                | BinanceClient initialised. Base URL: https://testnet.binancefuture.com
2026-06-08 20:51:44 | INFO     | bot.orders                | [MARKET] BUY BTCUSDT qty=0.0008
2026-06-08 20:51:44 | INFO     | bot.client                | Placing order | symbol=BTCUSDT side=BUY type=MARKET qty=0.0008 price=None stopPrice=None
2026-06-08 20:51:44 | INFO     | bot.client                | POST https://testnet.binancefuture.com/fapi/v1/order  body={'symbol': 'BTCUSDT', 'side': 'BUY', 'type': 'MARKET', 'quantity': 0.0008, 'timestamp': 1780932104638, 'recvWindow': 5000}
2026-06-08 20:51:44 | DEBUG    | bot.client                | HTTP 200  body={"orderId":14506025932,"symbol":"BTCUSDT","status":"NEW","clientOrderId":"yg3A8Pua3G8CGUGife1ooM","price":"0.00","origQty":"0.0008","executedQty":"0.0000","cumQty":"0.0000","timeInForce":"GTC","type":"MARKET","reduceOnly":false,"closePosition":false,"side":"BUY","positionSide":"BOTH","stopPrice":"0.00","workingType":"CONTRACT_PRICE","priceProtect":false,"origType":"MARKET","priceMatch":"NONE","selfTradePreventionMode":"EXPIRE_MAKER","goodTillDate":0,"updateTime":1780932104868}
2026-06-08 20:51:44 | INFO     | bot.client                | Order response: {'orderId': 14506025932, 'symbol': 'BTCUSDT', 'status': 'NEW', 'clientOrderId': 'yg3A8Pua3G8CGUGife1ooM', 'price': '0.00', 'origQty': '0.0008', 'executedQty': '0.0000', 'cumQty': '0.0000', 'timeInForce': 'GTC', 'type': 'MARKET', 'reduceOnly': False, 'closePosition': False, 'side': 'BUY', 'positionSide': 'BOTH', 'stopPrice': '0.00', 'workingType': 'CONTRACT_PRICE', 'priceProtect': False, 'origType': 'MARKET', 'priceMatch': 'NONE', 'selfTradePreventionMode': 'EXPIRE_MAKER', 'goodTillDate': 0, 'updateTime': 1780932104868}
2026-06-08 20:51:44 | INFO     | bot.orders                | [MARKET] Order placed | orderId=14506025932 status=NEW executedQty=0.0000 avgPrice=0
2026-06-08 20:51:44 | INFO     | bot.ui                    | [UI] Order success | orderId=14506025932 status=NEW
2026-06-08 20:51:44 | INFO     | werkzeug                  | 127.0.0.1 - - [08/Jun/2026 20:51:44] "POST /api/order HTTP/1.1" 200 -
2026-06-08 20:51:47 | DEBUG    | bot.client                | BinanceClient initialised. Base URL: https://testnet.binancefuture.com
2026-06-08 20:51:48 | DEBUG    | bot.client                | Ping response: HTTP 200
2026-06-08 20:51:48 | INFO     | werkzeug                  | 127.0.0.1 - - [08/Jun/2026 20:51:48] "GET /api/ping HTTP/1.1" 200 -
2026-06-08 20:51:53 | INFO     | werkzeug                  | 127.0.0.1 - - [08/Jun/2026 20:51:53] "GET /api/price/PUMPBTCUSDT HTTP/1.1" 200 -
2026-06-08 20:51:57 | INFO     | bot.ui                    | [UI] Order request | symbol=PUMPBTCUSDT side=BUY type=MARKET qty=477 price=None stop=None
2026-06-08 20:51:57 | DEBUG    | bot.client                | BinanceClient initialised. Base URL: https://testnet.binancefuture.com
2026-06-08 20:51:57 | INFO     | bot.orders                | [MARKET] BUY PUMPBTCUSDT qty=477.0
2026-06-08 20:51:57 | INFO     | bot.client                | Placing order | symbol=PUMPBTCUSDT side=BUY type=MARKET qty=477.0 price=None stopPrice=None
2026-06-08 20:51:57 | INFO     | bot.client                | POST https://testnet.binancefuture.com/fapi/v1/order  body={'symbol': 'PUMPBTCUSDT', 'side': 'BUY', 'type': 'MARKET', 'quantity': 477.0, 'timestamp': 1780932117044, 'recvWindow': 5000}
2026-06-08 20:51:57 | DEBUG    | bot.client                | HTTP 200  body={"orderId":155105479,"symbol":"PUMPBTCUSDT","status":"NEW","clientOrderId":"eQUU5lDXoZ9ySMTqxQLieb","price":"0.0000000","origQty":"477","executedQty":"0","cumQty":"0","timeInForce":"GTC","type":"MARKET","reduceOnly":false,"closePosition":false,"side":"BUY","positionSide":"BOTH","stopPrice":"0.0000000","workingType":"CONTRACT_PRICE","priceProtect":false,"origType":"MARKET","priceMatch":"NONE","selfTradePreventionMode":"EXPIRE_MAKER","goodTillDate":0,"updateTime":1780932117286}
2026-06-08 20:51:57 | INFO     | bot.client                | Order response: {'orderId': 155105479, 'symbol': 'PUMPBTCUSDT', 'status': 'NEW', 'clientOrderId': 'eQUU5lDXoZ9ySMTqxQLieb', 'price': '0.0000000', 'origQty': '477', 'executedQty': '0', 'cumQty': '0', 'timeInForce': 'GTC', 'type': 'MARKET', 'reduceOnly': False, 'closePosition': False, 'side': 'BUY', 'positionSide': 'BOTH', 'stopPrice': '0.0000000', 'workingType': 'CONTRACT_PRICE', 'priceProtect': False, 'origType': 'MARKET', 'priceMatch': 'NONE', 'selfTradePreventionMode': 'EXPIRE_MAKER', 'goodTillDate': 0, 'updateTime': 1780932117286}
2026-06-08 20:51:57 | INFO     | bot.orders                | [MARKET] Order placed | orderId=155105479 status=NEW executedQty=0 avgPrice=0
2026-06-08 20:51:57 | INFO     | bot.ui                    | [UI] Order success | orderId=155105479 status=NEW
2026-06-08 20:51:57 | INFO     | werkzeug                  | 127.0.0.1 - - [08/Jun/2026 20:51:57] "POST /api/order HTTP/1.1" 200 -
2026-06-08 20:52:03 | DEBUG    | bot.client                | BinanceClient initialised. Base URL: https://testnet.binancefuture.com
2026-06-08 20:52:03 | DEBUG    | bot.client                | Ping response: HTTP 200
2026-06-08 20:52:03 | INFO     | werkzeug                  | 127.0.0.1 - - [08/Jun/2026 20:52:03] "GET /api/ping HTTP/1.1" 200 -
2026-06-08 20:52:17 | DEBUG    | bot.client                | BinanceClient initialised. Base URL: https://testnet.binancefuture.com
2026-06-08 20:52:18 | DEBUG    | bot.client                | Ping response: HTTP 200
2026-06-08 20:52:18 | INFO     | werkzeug                  | 127.0.0.1 - - [08/Jun/2026 20:52:18] "GET /api/ping HTTP/1.1" 200 -
2026-06-08 20:52:33 | DEBUG    | bot.client                | BinanceClient initialised. Base URL: https://testnet.binancefuture.com
2026-06-08 20:52:33 | DEBUG    | bot.client                | Ping response: HTTP 200
2026-06-08 20:52:33 | INFO     | werkzeug                  | 127.0.0.1 - - [08/Jun/2026 20:52:33] "GET /api/ping HTTP/1.1" 200 -
2026-06-08 20:52:47 | DEBUG    | bot.client                | BinanceClient initialised. Base URL: https://testnet.binancefuture.com
2026-06-08 20:52:48 | DEBUG    | bot.client                | Ping response: HTTP 200
2026-06-08 20:52:48 | INFO     | werkzeug                  | 127.0.0.1 - - [08/Jun/2026 20:52:48] "GET /api/ping HTTP/1.1" 200 -
2026-06-08 20:53:03 | DEBUG    | bot.client                | BinanceClient initialised. Base URL: https://testnet.binancefuture.com
2026-06-08 20:53:03 | DEBUG    | bot.client                | Ping response: HTTP 200
2026-06-08 20:53:03 | INFO     | werkzeug                  | 127.0.0.1 - - [08/Jun/2026 20:53:03] "GET /api/ping HTTP/1.1" 200 -
2026-06-08 20:53:04 | INFO     | werkzeug                  | 127.0.0.1 - - [08/Jun/2026 20:53:04] "[36mGET / HTTP/1.1[0m" 304 -
2026-06-08 20:53:04 | INFO     | werkzeug                  | 127.0.0.1 - - [08/Jun/2026 20:53:04] "GET /api/symbols HTTP/1.1" 200 -
2026-06-08 20:53:04 | DEBUG    | bot.client                | BinanceClient initialised. Base URL: https://testnet.binancefuture.com
2026-06-08 20:53:04 | INFO     | werkzeug                  | 127.0.0.1 - - [08/Jun/2026 20:53:04] "[36mGET /favicon.ico HTTP/1.1[0m" 304 -
2026-06-08 20:53:04 | DEBUG    | bot.client                | Ping response: HTTP 200
2026-06-08 20:53:05 | INFO     | werkzeug                  | 127.0.0.1 - - [08/Jun/2026 20:53:05] "GET /api/ping HTTP/1.1" 200 -
2026-06-08 20:53:05 | INFO     | werkzeug                  | 127.0.0.1 - - [08/Jun/2026 20:53:05] "GET /api/price/BTCUSDT HTTP/1.1" 200 -
2026-06-08 20:53:09 | INFO     | bot.ui                    | [UI] Order request | symbol=BTCUSDT side=BUY type=MARKET qty=0.0008 price=None stop=None
2026-06-08 20:53:09 | DEBUG    | bot.client                | BinanceClient initialised. Base URL: https://testnet.binancefuture.com
2026-06-08 20:53:09 | INFO     | bot.orders                | [MARKET] BUY BTCUSDT qty=0.0008
2026-06-08 20:53:09 | INFO     | bot.client                | Placing order | symbol=BTCUSDT side=BUY type=MARKET qty=0.0008 price=None stopPrice=None
2026-06-08 20:53:09 | INFO     | bot.client                | POST https://testnet.binancefuture.com/fapi/v1/order  body={'symbol': 'BTCUSDT', 'side': 'BUY', 'type': 'MARKET', 'quantity': 0.0008, 'timestamp': 1780932189615, 'recvWindow': 5000}
2026-06-08 20:53:09 | DEBUG    | bot.client                | HTTP 200  body={"orderId":14506080263,"symbol":"BTCUSDT","status":"NEW","clientOrderId":"Y4XQfN9lzFRCXMUK8ZU0t2","price":"0.00","origQty":"0.0008","executedQty":"0.0000","cumQty":"0.0000","timeInForce":"GTC","type":"MARKET","reduceOnly":false,"closePosition":false,"side":"BUY","positionSide":"BOTH","stopPrice":"0.00","workingType":"CONTRACT_PRICE","priceProtect":false,"origType":"MARKET","priceMatch":"NONE","selfTradePreventionMode":"EXPIRE_MAKER","goodTillDate":0,"updateTime":1780932189830}
2026-06-08 20:53:09 | INFO     | bot.client                | Order response: {'orderId': 14506080263, 'symbol': 'BTCUSDT', 'status': 'NEW', 'clientOrderId': 'Y4XQfN9lzFRCXMUK8ZU0t2', 'price': '0.00', 'origQty': '0.0008', 'executedQty': '0.0000', 'cumQty': '0.0000', 'timeInForce': 'GTC', 'type': 'MARKET', 'reduceOnly': False, 'closePosition': False, 'side': 'BUY', 'positionSide': 'BOTH', 'stopPrice': '0.00', 'workingType': 'CONTRACT_PRICE', 'priceProtect': False, 'origType': 'MARKET', 'priceMatch': 'NONE', 'selfTradePreventionMode': 'EXPIRE_MAKER', 'goodTillDate': 0, 'updateTime': 1780932189830}
2026-06-08 20:53:09 | INFO     | bot.orders                | [MARKET] Order placed | orderId=14506080263 status=NEW executedQty=0.0000 avgPrice=0
2026-06-08 20:53:09 | INFO     | bot.ui                    | [UI] Order success | orderId=14506080263 status=NEW
2026-06-08 20:53:09 | INFO     | werkzeug                  | 127.0.0.1 - - [08/Jun/2026 20:53:09] "POST /api/order HTTP/1.1" 200 -
2026-06-08 20:53:12 | INFO     | werkzeug                  | 127.0.0.1 - - [08/Jun/2026 20:53:12] "GET /api/price/PUMPBTCUSDT HTTP/1.1" 200 -
2026-06-08 20:53:17 | INFO     | bot.ui                    | [UI] Order request | symbol=PUMPBTCUSDT side=BUY type=MARKET qty=477 price=None stop=None
2026-06-08 20:53:17 | DEBUG    | bot.client                | BinanceClient initialised. Base URL: https://testnet.binancefuture.com
2026-06-08 20:53:17 | INFO     | bot.orders                | [MARKET] BUY PUMPBTCUSDT qty=477.0
2026-06-08 20:53:17 | INFO     | bot.client                | Placing order | symbol=PUMPBTCUSDT side=BUY type=MARKET qty=477.0 price=None stopPrice=None
2026-06-08 20:53:17 | INFO     | bot.client                | POST https://testnet.binancefuture.com/fapi/v1/order  body={'symbol': 'PUMPBTCUSDT', 'side': 'BUY', 'type': 'MARKET', 'quantity': 477.0, 'timestamp': 1780932197370, 'recvWindow': 5000}
2026-06-08 20:53:17 | DEBUG    | bot.client                | HTTP 400  body={"code":-4164,"msg":"Order's notional must be no smaller than 5 (unless you choose reduce only)."}
2026-06-08 20:53:17 | ERROR    | bot.client                | API error: code=-4164 msg=Order's notional must be no smaller than 5 (unless you choose reduce only).
2026-06-08 20:53:17 | ERROR    | bot.ui                    | [UI] API error: Binance API Error -4164: Order's notional must be no smaller than 5 (unless you choose reduce only).
2026-06-08 20:53:17 | INFO     | werkzeug                  | 127.0.0.1 - - [08/Jun/2026 20:53:17] "[31m[1mPOST /api/order HTTP/1.1[0m" 400 -
2026-06-08 20:53:19 | DEBUG    | bot.client                | BinanceClient initialised. Base URL: https://testnet.binancefuture.com
2026-06-08 20:53:19 | DEBUG    | bot.client                | Ping response: HTTP 200
2026-06-08 20:53:19 | INFO     | werkzeug                  | 127.0.0.1 - - [08/Jun/2026 20:53:19] "GET /api/ping HTTP/1.1" 200 -
2026-06-08 20:53:22 | INFO     | bot.ui                    | [UI] Order request | symbol=PUMPBTCUSDT side=BUY type=MARKET qty=478 price=None stop=None
2026-06-08 20:53:22 | DEBUG    | bot.client                | BinanceClient initialised. Base URL: https://testnet.binancefuture.com
2026-06-08 20:53:22 | INFO     | bot.orders                | [MARKET] BUY PUMPBTCUSDT qty=478.0
2026-06-08 20:53:22 | INFO     | bot.client                | Placing order | symbol=PUMPBTCUSDT side=BUY type=MARKET qty=478.0 price=None stopPrice=None
2026-06-08 20:53:22 | INFO     | bot.client                | POST https://testnet.binancefuture.com/fapi/v1/order  body={'symbol': 'PUMPBTCUSDT', 'side': 'BUY', 'type': 'MARKET', 'quantity': 478.0, 'timestamp': 1780932202935, 'recvWindow': 5000}
2026-06-08 20:53:23 | DEBUG    | bot.client                | HTTP 200  body={"orderId":155106469,"symbol":"PUMPBTCUSDT","status":"NEW","clientOrderId":"4MhVdjI8QC3C2SBpwdwdid","price":"0.0000000","origQty":"478","executedQty":"0","cumQty":"0","timeInForce":"GTC","type":"MARKET","reduceOnly":false,"closePosition":false,"side":"BUY","positionSide":"BOTH","stopPrice":"0.0000000","workingType":"CONTRACT_PRICE","priceProtect":false,"origType":"MARKET","priceMatch":"NONE","selfTradePreventionMode":"EXPIRE_MAKER","goodTillDate":0,"updateTime":1780932203175}
2026-06-08 20:53:23 | INFO     | bot.client                | Order response: {'orderId': 155106469, 'symbol': 'PUMPBTCUSDT', 'status': 'NEW', 'clientOrderId': '4MhVdjI8QC3C2SBpwdwdid', 'price': '0.0000000', 'origQty': '478', 'executedQty': '0', 'cumQty': '0', 'timeInForce': 'GTC', 'type': 'MARKET', 'reduceOnly': False, 'closePosition': False, 'side': 'BUY', 'positionSide': 'BOTH', 'stopPrice': '0.0000000', 'workingType': 'CONTRACT_PRICE', 'priceProtect': False, 'origType': 'MARKET', 'priceMatch': 'NONE', 'selfTradePreventionMode': 'EXPIRE_MAKER', 'goodTillDate': 0, 'updateTime': 1780932203175}
2026-06-08 20:53:23 | INFO     | bot.orders                | [MARKET] Order placed | orderId=155106469 status=NEW executedQty=0 avgPrice=0
2026-06-08 20:53:23 | INFO     | bot.ui                    | [UI] Order success | orderId=155106469 status=NEW
2026-06-08 20:53:23 | INFO     | werkzeug                  | 127.0.0.1 - - [08/Jun/2026 20:53:23] "POST /api/order HTTP/1.1" 200 -
2026-06-08 20:53:29 | INFO     | bot.ui                    | [UI] Order request | symbol=PUMPBTCUSDT side=BUY type=MARKET qty=479 price=None stop=None
2026-06-08 20:53:29 | DEBUG    | bot.client                | BinanceClient initialised. Base URL: https://testnet.binancefuture.com
2026-06-08 20:53:29 | INFO     | bot.orders                | [MARKET] BUY PUMPBTCUSDT qty=479.0
2026-06-08 20:53:29 | INFO     | bot.client                | Placing order | symbol=PUMPBTCUSDT side=BUY type=MARKET qty=479.0 price=None stopPrice=None
2026-06-08 20:53:29 | INFO     | bot.client                | POST https://testnet.binancefuture.com/fapi/v1/order  body={'symbol': 'PUMPBTCUSDT', 'side': 'BUY', 'type': 'MARKET', 'quantity': 479.0, 'timestamp': 1780932209741, 'recvWindow': 5000}
2026-06-08 20:53:29 | DEBUG    | bot.client                | HTTP 200  body={"orderId":155106588,"symbol":"PUMPBTCUSDT","status":"NEW","clientOrderId":"lIRGNle2Xpl9tK8v7qd1SL","price":"0.0000000","origQty":"479","executedQty":"0","cumQty":"0","timeInForce":"GTC","type":"MARKET","reduceOnly":false,"closePosition":false,"side":"BUY","positionSide":"BOTH","stopPrice":"0.0000000","workingType":"CONTRACT_PRICE","priceProtect":false,"origType":"MARKET","priceMatch":"NONE","selfTradePreventionMode":"EXPIRE_MAKER","goodTillDate":0,"updateTime":1780932209969}
2026-06-08 20:53:29 | INFO     | bot.client                | Order response: {'orderId': 155106588, 'symbol': 'PUMPBTCUSDT', 'status': 'NEW', 'clientOrderId': 'lIRGNle2Xpl9tK8v7qd1SL', 'price': '0.0000000', 'origQty': '479', 'executedQty': '0', 'cumQty': '0', 'timeInForce': 'GTC', 'type': 'MARKET', 'reduceOnly': False, 'closePosition': False, 'side': 'BUY', 'positionSide': 'BOTH', 'stopPrice': '0.0000000', 'workingType': 'CONTRACT_PRICE', 'priceProtect': False, 'origType': 'MARKET', 'priceMatch': 'NONE', 'selfTradePreventionMode': 'EXPIRE_MAKER', 'goodTillDate': 0, 'updateTime': 1780932209969}
2026-06-08 20:53:29 | INFO     | bot.orders                | [MARKET] Order placed | orderId=155106588 status=NEW executedQty=0 avgPrice=0
2026-06-08 20:53:29 | INFO     | bot.ui                    | [UI] Order success | orderId=155106588 status=NEW
2026-06-08 20:53:29 | INFO     | werkzeug                  | 127.0.0.1 - - [08/Jun/2026 20:53:29] "POST /api/order HTTP/1.1" 200 -
2026-06-08 20:53:33 | INFO     | werkzeug                  | 127.0.0.1 - - [08/Jun/2026 20:53:33] "GET /api/price/PUMPBTCUSDT HTTP/1.1" 200 -
2026-06-08 20:53:34 | DEBUG    | bot.client                | BinanceClient initialised. Base URL: https://testnet.binancefuture.com
2026-06-08 20:53:34 | DEBUG    | bot.client                | Ping response: HTTP 200
2026-06-08 20:53:34 | INFO     | werkzeug                  | 127.0.0.1 - - [08/Jun/2026 20:53:34] "GET /api/ping HTTP/1.1" 200 -
2026-06-08 20:53:36 | INFO     | bot.ui                    | [UI] Order request | symbol=PUMPBTCUSDT side=BUY type=MARKET qty=477 price=None stop=None
2026-06-08 20:53:36 | DEBUG    | bot.client                | BinanceClient initialised. Base URL: https://testnet.binancefuture.com
2026-06-08 20:53:36 | INFO     | bot.orders                | [MARKET] BUY PUMPBTCUSDT qty=477.0
2026-06-08 20:53:36 | INFO     | bot.client                | Placing order | symbol=PUMPBTCUSDT side=BUY type=MARKET qty=477.0 price=None stopPrice=None
2026-06-08 20:53:36 | INFO     | bot.client                | POST https://testnet.binancefuture.com/fapi/v1/order  body={'symbol': 'PUMPBTCUSDT', 'side': 'BUY', 'type': 'MARKET', 'quantity': 477.0, 'timestamp': 1780932216472, 'recvWindow': 5000}
2026-06-08 20:53:36 | DEBUG    | bot.client                | HTTP 200  body={"orderId":155106653,"symbol":"PUMPBTCUSDT","status":"NEW","clientOrderId":"lkZDgYeP1lVFgnDqGb1U8O","price":"0.0000000","origQty":"477","executedQty":"0","cumQty":"0","timeInForce":"GTC","type":"MARKET","reduceOnly":false,"closePosition":false,"side":"BUY","positionSide":"BOTH","stopPrice":"0.0000000","workingType":"CONTRACT_PRICE","priceProtect":false,"origType":"MARKET","priceMatch":"NONE","selfTradePreventionMode":"EXPIRE_MAKER","goodTillDate":0,"updateTime":1780932216733}
2026-06-08 20:53:36 | INFO     | bot.client                | Order response: {'orderId': 155106653, 'symbol': 'PUMPBTCUSDT', 'status': 'NEW', 'clientOrderId': 'lkZDgYeP1lVFgnDqGb1U8O', 'price': '0.0000000', 'origQty': '477', 'executedQty': '0', 'cumQty': '0', 'timeInForce': 'GTC', 'type': 'MARKET', 'reduceOnly': False, 'closePosition': False, 'side': 'BUY', 'positionSide': 'BOTH', 'stopPrice': '0.0000000', 'workingType': 'CONTRACT_PRICE', 'priceProtect': False, 'origType': 'MARKET', 'priceMatch': 'NONE', 'selfTradePreventionMode': 'EXPIRE_MAKER', 'goodTillDate': 0, 'updateTime': 1780932216733}
2026-06-08 20:53:36 | INFO     | bot.orders                | [MARKET] Order placed | orderId=155106653 status=NEW executedQty=0 avgPrice=0
2026-06-08 20:53:36 | INFO     | bot.ui                    | [UI] Order success | orderId=155106653 status=NEW
2026-06-08 20:53:36 | INFO     | werkzeug                  | 127.0.0.1 - - [08/Jun/2026 20:53:36] "POST /api/order HTTP/1.1" 200 -
2026-06-08 20:53:46 | INFO     | werkzeug                  | 127.0.0.1 - - [08/Jun/2026 20:53:46] "GET /api/price/AEVOUSDT HTTP/1.1" 200 -
2026-06-08 20:53:49 | DEBUG    | bot.client                | BinanceClient initialised. Base URL: https://testnet.binancefuture.com
2026-06-08 20:53:49 | DEBUG    | bot.client                | Ping response: HTTP 200
2026-06-08 20:53:50 | INFO     | werkzeug                  | 127.0.0.1 - - [08/Jun/2026 20:53:50] "GET /api/ping HTTP/1.1" 200 -
2026-06-08 20:53:56 | INFO     | bot.ui                    | [UI] Order request | symbol=AEVOUSDT side=BUY type=MARKET qty=247 price=None stop=None
2026-06-08 20:53:56 | DEBUG    | bot.client                | BinanceClient initialised. Base URL: https://testnet.binancefuture.com
2026-06-08 20:53:56 | INFO     | bot.orders                | [MARKET] BUY AEVOUSDT qty=247.0
2026-06-08 20:53:56 | INFO     | bot.client                | Placing order | symbol=AEVOUSDT side=BUY type=MARKET qty=247.0 price=None stopPrice=None
2026-06-08 20:53:56 | INFO     | bot.client                | POST https://testnet.binancefuture.com/fapi/v1/order  body={'symbol': 'AEVOUSDT', 'side': 'BUY', 'type': 'MARKET', 'quantity': 247.0, 'timestamp': 1780932236479, 'recvWindow': 5000}
2026-06-08 20:53:56 | DEBUG    | bot.client                | HTTP 400  body={"code":-4164,"msg":"Order's notional must be no smaller than 5 (unless you choose reduce only)."}
2026-06-08 20:53:56 | ERROR    | bot.client                | API error: code=-4164 msg=Order's notional must be no smaller than 5 (unless you choose reduce only).
2026-06-08 20:53:56 | ERROR    | bot.ui                    | [UI] API error: Binance API Error -4164: Order's notional must be no smaller than 5 (unless you choose reduce only).
2026-06-08 20:53:56 | INFO     | werkzeug                  | 127.0.0.1 - - [08/Jun/2026 20:53:56] "[31m[1mPOST /api/order HTTP/1.1[0m" 400 -
2026-06-08 20:54:01 | INFO     | bot.ui                    | [UI] Order request | symbol=AEVOUSDT side=BUY type=MARKET qty=247.8 price=None stop=None
2026-06-08 20:54:01 | DEBUG    | bot.client                | BinanceClient initialised. Base URL: https://testnet.binancefuture.com
2026-06-08 20:54:01 | INFO     | bot.orders                | [MARKET] BUY AEVOUSDT qty=247.8
2026-06-08 20:54:01 | INFO     | bot.client                | Placing order | symbol=AEVOUSDT side=BUY type=MARKET qty=247.8 price=None stopPrice=None
2026-06-08 20:54:01 | INFO     | bot.client                | POST https://testnet.binancefuture.com/fapi/v1/order  body={'symbol': 'AEVOUSDT', 'side': 'BUY', 'type': 'MARKET', 'quantity': 247.8, 'timestamp': 1780932241572, 'recvWindow': 5000}
2026-06-08 20:54:01 | DEBUG    | bot.client                | HTTP 200  body={"orderId":166048145,"symbol":"AEVOUSDT","status":"NEW","clientOrderId":"InIXQblDuiJr6bkiJ4umSh","price":"0.0000000","origQty":"247.8","executedQty":"0.0","cumQty":"0.0","timeInForce":"GTC","type":"MARKET","reduceOnly":false,"closePosition":false,"side":"BUY","positionSide":"BOTH","stopPrice":"0.0000000","workingType":"CONTRACT_PRICE","priceProtect":false,"origType":"MARKET","priceMatch":"NONE","selfTradePreventionMode":"EXPIRE_MAKER","goodTillDate":0,"updateTime":1780932241789}
2026-06-08 20:54:01 | INFO     | bot.client                | Order response: {'orderId': 166048145, 'symbol': 'AEVOUSDT', 'status': 'NEW', 'clientOrderId': 'InIXQblDuiJr6bkiJ4umSh', 'price': '0.0000000', 'origQty': '247.8', 'executedQty': '0.0', 'cumQty': '0.0', 'timeInForce': 'GTC', 'type': 'MARKET', 'reduceOnly': False, 'closePosition': False, 'side': 'BUY', 'positionSide': 'BOTH', 'stopPrice': '0.0000000', 'workingType': 'CONTRACT_PRICE', 'priceProtect': False, 'origType': 'MARKET', 'priceMatch': 'NONE', 'selfTradePreventionMode': 'EXPIRE_MAKER', 'goodTillDate': 0, 'updateTime': 1780932241789}
2026-06-08 20:54:01 | INFO     | bot.orders                | [MARKET] Order placed | orderId=166048145 status=NEW executedQty=0.0 avgPrice=0
2026-06-08 20:54:01 | INFO     | bot.ui                    | [UI] Order success | orderId=166048145 status=NEW
2026-06-08 20:54:01 | INFO     | werkzeug                  | 127.0.0.1 - - [08/Jun/2026 20:54:01] "POST /api/order HTTP/1.1" 200 -
2026-06-08 20:54:04 | DEBUG    | bot.client                | BinanceClient initialised. Base URL: https://testnet.binancefuture.com
2026-06-08 20:54:04 | DEBUG    | bot.client                | Ping response: HTTP 200
2026-06-08 20:54:04 | INFO     | werkzeug                  | 127.0.0.1 - - [08/Jun/2026 20:54:04] "GET /api/ping HTTP/1.1" 200 -
2026-06-08 20:54:10 | INFO     | bot.ui                    | [UI] Order request | symbol=AEVOUSDT side=BUY type=LIMIT qty=247.8 price=4 stop=None
2026-06-08 20:54:10 | DEBUG    | bot.client                | BinanceClient initialised. Base URL: https://testnet.binancefuture.com
2026-06-08 20:54:10 | INFO     | bot.orders                | [LIMIT] BUY AEVOUSDT qty=247.8 price=4.0 tif=GTC
2026-06-08 20:54:10 | INFO     | bot.client                | Placing order | symbol=AEVOUSDT side=BUY type=LIMIT qty=247.8 price=4.0 stopPrice=None
2026-06-08 20:54:10 | INFO     | bot.client                | POST https://testnet.binancefuture.com/fapi/v1/order  body={'symbol': 'AEVOUSDT', 'side': 'BUY', 'type': 'LIMIT', 'quantity': 247.8, 'price': 4.0, 'timeInForce': 'GTC', 'timestamp': 1780932250109, 'recvWindow': 5000}
2026-06-08 20:54:10 | DEBUG    | bot.client                | HTTP 400  body={"code":-4016,"msg":"Limit price can't be higher than 0.0211890."}
2026-06-08 20:54:10 | ERROR    | bot.client                | API error: code=-4016 msg=Limit price can't be higher than 0.0211890.
2026-06-08 20:54:10 | ERROR    | bot.ui                    | [UI] API error: Binance API Error -4016: Limit price can't be higher than 0.0211890.
2026-06-08 20:54:10 | INFO     | werkzeug                  | 127.0.0.1 - - [08/Jun/2026 20:54:10] "[31m[1mPOST /api/order HTTP/1.1[0m" 400 -
2026-06-08 20:54:19 | DEBUG    | bot.client                | BinanceClient initialised. Base URL: https://testnet.binancefuture.com
2026-06-08 20:54:19 | DEBUG    | bot.client                | Ping response: HTTP 200
2026-06-08 20:54:20 | INFO     | werkzeug                  | 127.0.0.1 - - [08/Jun/2026 20:54:20] "GET /api/ping HTTP/1.1" 200 -
2026-06-08 20:54:22 | INFO     | bot.ui                    | [UI] Order request | symbol=AEVOUSDT side=BUY type=LIMIT qty=247.8 price=0 stop=None
2026-06-08 20:54:22 | WARNING  | bot.ui                    | [UI] Validation error: [price] Price must be greater than 0, got 0.0.
2026-06-08 20:54:22 | INFO     | werkzeug                  | 127.0.0.1 - - [08/Jun/2026 20:54:22] "[31m[1mPOST /api/order HTTP/1.1[0m" 400 -
2026-06-08 20:54:28 | INFO     | bot.ui                    | [UI] Order request | symbol=AEVOUSDT side=BUY type=LIMIT qty=247.8 price=3 stop=None
2026-06-08 20:54:28 | DEBUG    | bot.client                | BinanceClient initialised. Base URL: https://testnet.binancefuture.com
2026-06-08 20:54:28 | INFO     | bot.orders                | [LIMIT] BUY AEVOUSDT qty=247.8 price=3.0 tif=GTC
2026-06-08 20:54:28 | INFO     | bot.client                | Placing order | symbol=AEVOUSDT side=BUY type=LIMIT qty=247.8 price=3.0 stopPrice=None
2026-06-08 20:54:28 | INFO     | bot.client                | POST https://testnet.binancefuture.com/fapi/v1/order  body={'symbol': 'AEVOUSDT', 'side': 'BUY', 'type': 'LIMIT', 'quantity': 247.8, 'price': 3.0, 'timeInForce': 'GTC', 'timestamp': 1780932268752, 'recvWindow': 5000}
2026-06-08 20:54:28 | DEBUG    | bot.client                | HTTP 400  body={"code":-4016,"msg":"Limit price can't be higher than 0.0211680."}
2026-06-08 20:54:28 | ERROR    | bot.client                | API error: code=-4016 msg=Limit price can't be higher than 0.0211680.
2026-06-08 20:54:28 | ERROR    | bot.ui                    | [UI] API error: Binance API Error -4016: Limit price can't be higher than 0.0211680.
2026-06-08 20:54:28 | INFO     | werkzeug                  | 127.0.0.1 - - [08/Jun/2026 20:54:28] "[31m[1mPOST /api/order HTTP/1.1[0m" 400 -
2026-06-08 20:54:34 | DEBUG    | bot.client                | BinanceClient initialised. Base URL: https://testnet.binancefuture.com
2026-06-08 20:54:34 | DEBUG    | bot.client                | Ping response: HTTP 200
2026-06-08 20:54:35 | INFO     | werkzeug                  | 127.0.0.1 - - [08/Jun/2026 20:54:35] "GET /api/ping HTTP/1.1" 200 -
2026-06-08 20:54:41 | INFO     | bot.ui                    | [UI] Order request | symbol=AEVOUSDT side=BUY type=LIMIT qty=247.8 price=0.2 stop=None
2026-06-08 20:54:41 | WARNING  | bot.ui                    | [UI] Validation error: [quantity] Order notional too small: 247.8 x 0.2 = $49.56 USDT. Binance requires at least $50.0 USDT. Use quantity >= 250.0000 at this price.
2026-06-08 20:54:41 | INFO     | werkzeug                  | 127.0.0.1 - - [08/Jun/2026 20:54:41] "[31m[1mPOST /api/order HTTP/1.1[0m" 400 -
2026-06-08 20:54:49 | DEBUG    | bot.client                | BinanceClient initialised. Base URL: https://testnet.binancefuture.com
2026-06-08 20:54:50 | DEBUG    | bot.client                | Ping response: HTTP 200
2026-06-08 20:54:50 | INFO     | werkzeug                  | 127.0.0.1 - - [08/Jun/2026 20:54:50] "GET /api/ping HTTP/1.1" 200 -
2026-06-08 20:54:56 | INFO     | bot.ui                    | [UI] Order request | symbol=AEVOUSDT side=BUY type=LIMIT qty=247.8 price=0.1 stop=None
2026-06-08 20:54:56 | WARNING  | bot.ui                    | [UI] Validation error: [quantity] Order notional too small: 247.8 x 0.1 = $24.78 USDT. Binance requires at least $50.0 USDT. Use quantity >= 500.0000 at this price.
2026-06-08 20:54:56 | INFO     | werkzeug                  | 127.0.0.1 - - [08/Jun/2026 20:54:56] "[31m[1mPOST /api/order HTTP/1.1[0m" 400 -
2026-06-08 20:55:03 | INFO     | bot.ui                    | [UI] Order request | symbol=AEVOUSDT side=BUY type=LIMIT qty=247.8 price=0.02 stop=None
2026-06-08 20:55:03 | WARNING  | bot.ui                    | [UI] Validation error: [quantity] Order notional too small: 247.8 x 0.02 = $4.96 USDT. Binance requires at least $50.0 USDT. Use quantity >= 2500.0000 at this price.
2026-06-08 20:55:03 | INFO     | werkzeug                  | 127.0.0.1 - - [08/Jun/2026 20:55:03] "[31m[1mPOST /api/order HTTP/1.1[0m" 400 -
2026-06-08 20:55:04 | DEBUG    | bot.client                | BinanceClient initialised. Base URL: https://testnet.binancefuture.com
2026-06-08 20:55:04 | DEBUG    | bot.client                | Ping response: HTTP 200
2026-06-08 20:55:04 | INFO     | werkzeug                  | 127.0.0.1 - - [08/Jun/2026 20:55:04] "GET /api/ping HTTP/1.1" 200 -
2026-06-08 20:55:13 | INFO     | bot.ui                    | [UI] Order request | symbol=AEVOUSDT side=BUY type=LIMIT qty=247.8 price=1 stop=None
2026-06-08 20:55:13 | DEBUG    | bot.client                | BinanceClient initialised. Base URL: https://testnet.binancefuture.com
2026-06-08 20:55:13 | INFO     | bot.orders                | [LIMIT] BUY AEVOUSDT qty=247.8 price=1.0 tif=GTC
2026-06-08 20:55:13 | INFO     | bot.client                | Placing order | symbol=AEVOUSDT side=BUY type=LIMIT qty=247.8 price=1.0 stopPrice=None
2026-06-08 20:55:13 | INFO     | bot.client                | POST https://testnet.binancefuture.com/fapi/v1/order  body={'symbol': 'AEVOUSDT', 'side': 'BUY', 'type': 'LIMIT', 'quantity': 247.8, 'price': 1.0, 'timeInForce': 'GTC', 'timestamp': 1780932313300, 'recvWindow': 5000}
2026-06-08 20:55:13 | DEBUG    | bot.client                | HTTP 400  body={"code":-4016,"msg":"Limit price can't be higher than 0.0211785."}
2026-06-08 20:55:13 | ERROR    | bot.client                | API error: code=-4016 msg=Limit price can't be higher than 0.0211785.
2026-06-08 20:55:13 | ERROR    | bot.ui                    | [UI] API error: Binance API Error -4016: Limit price can't be higher than 0.0211785.
2026-06-08 20:55:13 | INFO     | werkzeug                  | 127.0.0.1 - - [08/Jun/2026 20:55:13] "[31m[1mPOST /api/order HTTP/1.1[0m" 400 -
2026-06-08 20:55:19 | DEBUG    | bot.client                | BinanceClient initialised. Base URL: https://testnet.binancefuture.com
2026-06-08 20:55:19 | DEBUG    | bot.client                | Ping response: HTTP 200
2026-06-08 20:55:19 | INFO     | werkzeug                  | 127.0.0.1 - - [08/Jun/2026 20:55:19] "GET /api/ping HTTP/1.1" 200 -
2026-06-08 20:55:25 | INFO     | bot.ui                    | [UI] Order request | symbol=AEVOUSDT side=BUY type=LIMIT qty=247.8 price=0.021 stop=None
2026-06-08 20:55:25 | WARNING  | bot.ui                    | [UI] Validation error: [quantity] Order notional too small: 247.8 x 0.021 = $5.20 USDT. Binance requires at least $50.0 USDT. Use quantity >= 2380.9524 at this price.
2026-06-08 20:55:25 | INFO     | werkzeug                  | 127.0.0.1 - - [08/Jun/2026 20:55:25] "[31m[1mPOST /api/order HTTP/1.1[0m" 400 -
2026-06-08 20:55:34 | DEBUG    | bot.client                | BinanceClient initialised. Base URL: https://testnet.binancefuture.com
2026-06-08 20:55:34 | DEBUG    | bot.client                | Ping response: HTTP 200
2026-06-08 20:55:35 | INFO     | werkzeug                  | 127.0.0.1 - - [08/Jun/2026 20:55:35] "GET /api/ping HTTP/1.1" 200 -
2026-06-08 20:55:49 | DEBUG    | bot.client                | BinanceClient initialised. Base URL: https://testnet.binancefuture.com
2026-06-08 20:55:50 | DEBUG    | bot.client                | Ping response: HTTP 200
2026-06-08 20:55:50 | INFO     | werkzeug                  | 127.0.0.1 - - [08/Jun/2026 20:55:50] "GET /api/ping HTTP/1.1" 200 -
2026-06-08 20:56:04 | DEBUG    | bot.client                | BinanceClient initialised. Base URL: https://testnet.binancefuture.com
2026-06-08 20:56:04 | DEBUG    | bot.client                | Ping response: HTTP 200
2026-06-08 20:56:04 | INFO     | werkzeug                  | 127.0.0.1 - - [08/Jun/2026 20:56:04] "GET /api/ping HTTP/1.1" 200 -
2026-06-08 20:57:38 | INFO     | werkzeug                  | [31m[1mWARNING: This is a development server. Do not use it in a production deployment. Use a production WSGI server instead.[0m
 * Running on all addresses (0.0.0.0)
 * Running on http://127.0.0.1:5000
 * Running on http://192.168.0.102:5000
2026-06-08 20:57:38 | INFO     | werkzeug                  | [33mPress CTRL+C to quit[0m
2026-06-08 20:57:50 | INFO     | werkzeug                  | 127.0.0.1 - - [08/Jun/2026 20:57:50] "GET / HTTP/1.1" 200 -
2026-06-08 20:57:50 | DEBUG    | bot.client                | BinanceClient initialised. Base URL: https://testnet.binancefuture.com
2026-06-08 20:57:50 | INFO     | bot.ui                    | Loaded 551 USDT-M symbols from exchangeInfo
2026-06-08 20:57:50 | INFO     | werkzeug                  | 127.0.0.1 - - [08/Jun/2026 20:57:50] "GET /api/symbols HTTP/1.1" 200 -
2026-06-08 20:57:50 | DEBUG    | bot.client                | Ping response: HTTP 200
2026-06-08 20:57:50 | INFO     | werkzeug                  | 127.0.0.1 - - [08/Jun/2026 20:57:50] "GET /api/ping HTTP/1.1" 200 -
2026-06-08 20:57:50 | INFO     | werkzeug                  | 127.0.0.1 - - [08/Jun/2026 20:57:50] "GET /favicon.ico HTTP/1.1" 200 -
2026-06-08 20:57:51 | INFO     | werkzeug                  | 127.0.0.1 - - [08/Jun/2026 20:57:51] "GET /api/price/BTCUSDT HTTP/1.1" 200 -
2026-06-08 20:57:56 | INFO     | bot.ui                    | [UI] Order request | symbol=BTCUSDT side=BUY type=MARKET qty=0.0008 price=None stop=None
2026-06-08 20:57:56 | DEBUG    | bot.client                | BinanceClient initialised. Base URL: https://testnet.binancefuture.com
2026-06-08 20:57:56 | INFO     | bot.orders                | [MARKET] BUY BTCUSDT qty=0.0008
2026-06-08 20:57:56 | INFO     | bot.client                | Placing order | symbol=BTCUSDT side=BUY type=MARKET qty=0.0008 price=None stopPrice=None
2026-06-08 20:57:56 | INFO     | bot.client                | POST https://testnet.binancefuture.com/fapi/v1/order  body={'symbol': 'BTCUSDT', 'side': 'BUY', 'type': 'MARKET', 'quantity': 0.0008, 'timestamp': 1780932476409, 'recvWindow': 5000}
2026-06-08 20:57:56 | DEBUG    | bot.client                | HTTP 200  body={"orderId":14506306958,"symbol":"BTCUSDT","status":"NEW","clientOrderId":"EKuP4DbpVN9BWKSX9kzwWD","price":"0.00","origQty":"0.0008","executedQty":"0.0000","cumQty":"0.0000","timeInForce":"GTC","type":"MARKET","reduceOnly":false,"closePosition":false,"side":"BUY","positionSide":"BOTH","stopPrice":"0.00","workingType":"CONTRACT_PRICE","priceProtect":false,"origType":"MARKET","priceMatch":"NONE","selfTradePreventionMode":"EXPIRE_MAKER","goodTillDate":0,"updateTime":1780932476673}
2026-06-08 20:57:56 | INFO     | bot.client                | Order response: {'orderId': 14506306958, 'symbol': 'BTCUSDT', 'status': 'NEW', 'clientOrderId': 'EKuP4DbpVN9BWKSX9kzwWD', 'price': '0.00', 'origQty': '0.0008', 'executedQty': '0.0000', 'cumQty': '0.0000', 'timeInForce': 'GTC', 'type': 'MARKET', 'reduceOnly': False, 'closePosition': False, 'side': 'BUY', 'positionSide': 'BOTH', 'stopPrice': '0.00', 'workingType': 'CONTRACT_PRICE', 'priceProtect': False, 'origType': 'MARKET', 'priceMatch': 'NONE', 'selfTradePreventionMode': 'EXPIRE_MAKER', 'goodTillDate': 0, 'updateTime': 1780932476673}
2026-06-08 20:57:56 | INFO     | bot.orders                | [MARKET] Order placed | orderId=14506306958 status=NEW executedQty=0.0000 avgPrice=0
2026-06-08 20:57:56 | INFO     | bot.ui                    | [UI] Order success | orderId=14506306958 status=NEW
2026-06-08 20:57:56 | INFO     | werkzeug                  | 127.0.0.1 - - [08/Jun/2026 20:57:56] "POST /api/order HTTP/1.1" 200 -
2026-06-08 20:58:05 | DEBUG    | bot.client                | BinanceClient initialised. Base URL: https://testnet.binancefuture.com
2026-06-08 20:58:05 | DEBUG    | bot.client                | Ping response: HTTP 200
2026-06-08 20:58:05 | INFO     | werkzeug                  | 127.0.0.1 - - [08/Jun/2026 20:58:05] "GET /api/ping HTTP/1.1" 200 -
2026-06-08 20:58:12 | INFO     | bot.ui                    | [UI] Order request | symbol=BTCUSDT side=BUY type=LIMIT qty=0.0008 price=60843.13 stop=None
2026-06-08 20:58:12 | WARNING  | bot.ui                    | [UI] Validation error: [quantity] Order notional too small: 0.0008 x 60843.13 = $48.67 USDT. Binance requires at least $50.0 USDT. Use quantity >= 0.0008 at this price.
2026-06-08 20:58:12 | INFO     | werkzeug                  | 127.0.0.1 - - [08/Jun/2026 20:58:12] "[31m[1mPOST /api/order HTTP/1.1[0m" 400 -
2026-06-08 20:58:20 | DEBUG    | bot.client                | BinanceClient initialised. Base URL: https://testnet.binancefuture.com
2026-06-08 20:58:20 | DEBUG    | bot.client                | Ping response: HTTP 200
2026-06-08 20:58:20 | INFO     | werkzeug                  | 127.0.0.1 - - [08/Jun/2026 20:58:20] "GET /api/ping HTTP/1.1" 200 -
2026-06-08 20:58:30 | INFO     | bot.ui                    | [UI] Order request | symbol=BTCUSDT side=BUY type=LIMIT qty=0.0009 price=60843.13 stop=None
2026-06-08 20:58:30 | DEBUG    | bot.client                | BinanceClient initialised. Base URL: https://testnet.binancefuture.com
2026-06-08 20:58:30 | INFO     | bot.orders                | [LIMIT] BUY BTCUSDT qty=0.0009 price=60843.13 tif=GTC
2026-06-08 20:58:30 | INFO     | bot.client                | Placing order | symbol=BTCUSDT side=BUY type=LIMIT qty=0.0009 price=60843.13 stopPrice=None
2026-06-08 20:58:30 | INFO     | bot.client                | POST https://testnet.binancefuture.com/fapi/v1/order  body={'symbol': 'BTCUSDT', 'side': 'BUY', 'type': 'LIMIT', 'quantity': 0.0009, 'price': 60843.13, 'timeInForce': 'GTC', 'timestamp': 1780932510267, 'recvWindow': 5000}
2026-06-08 20:58:30 | DEBUG    | bot.client                | HTTP 400  body={"code":-4014,"msg":"Price not increased by tick size."}
2026-06-08 20:58:30 | ERROR    | bot.client                | API error: code=-4014 msg=Price not increased by tick size.
2026-06-08 20:58:30 | ERROR    | bot.ui                    | [UI] API error: Binance API Error -4014: Price not increased by tick size.
2026-06-08 20:58:30 | INFO     | werkzeug                  | 127.0.0.1 - - [08/Jun/2026 20:58:30] "[31m[1mPOST /api/order HTTP/1.1[0m" 400 -
2026-06-08 20:58:33 | DEBUG    | bot.client                | BinanceClient initialised. Base URL: https://testnet.binancefuture.com
2026-06-08 20:58:33 | DEBUG    | bot.client                | Ping response: HTTP 200
2026-06-08 20:58:33 | INFO     | werkzeug                  | 127.0.0.1 - - [08/Jun/2026 20:58:33] "GET /api/ping HTTP/1.1" 200 -
2026-06-08 20:58:35 | DEBUG    | bot.client                | BinanceClient initialised. Base URL: https://testnet.binancefuture.com
2026-06-08 20:58:36 | DEBUG    | bot.client                | Ping response: HTTP 200
2026-06-08 20:58:36 | INFO     | werkzeug                  | 127.0.0.1 - - [08/Jun/2026 20:58:36] "GET /api/ping HTTP/1.1" 200 -
2026-06-08 20:58:36 | INFO     | bot.ui                    | [UI] Order request | symbol=BTCUSDT side=BUY type=LIMIT qty=0.0009 price=60843.13 stop=None
2026-06-08 20:58:36 | DEBUG    | bot.client                | BinanceClient initialised. Base URL: https://testnet.binancefuture.com
2026-06-08 20:58:36 | INFO     | bot.orders                | [LIMIT] BUY BTCUSDT qty=0.0009 price=60843.13 tif=GTC
2026-06-08 20:58:36 | INFO     | bot.client                | Placing order | symbol=BTCUSDT side=BUY type=LIMIT qty=0.0009 price=60843.13 stopPrice=None
2026-06-08 20:58:36 | INFO     | bot.client                | POST https://testnet.binancefuture.com/fapi/v1/order  body={'symbol': 'BTCUSDT', 'side': 'BUY', 'type': 'LIMIT', 'quantity': 0.0009, 'price': 60843.13, 'timeInForce': 'GTC', 'timestamp': 1780932516791, 'recvWindow': 5000}
2026-06-08 20:58:37 | DEBUG    | bot.client                | HTTP 400  body={"code":-4014,"msg":"Price not increased by tick size."}
2026-06-08 20:58:37 | ERROR    | bot.client                | API error: code=-4014 msg=Price not increased by tick size.
2026-06-08 20:58:37 | ERROR    | bot.ui                    | [UI] API error: Binance API Error -4014: Price not increased by tick size.
2026-06-08 20:58:37 | INFO     | werkzeug                  | 127.0.0.1 - - [08/Jun/2026 20:58:37] "[31m[1mPOST /api/order HTTP/1.1[0m" 400 -
2026-06-08 20:58:50 | DEBUG    | bot.client                | BinanceClient initialised. Base URL: https://testnet.binancefuture.com
2026-06-08 20:58:51 | DEBUG    | bot.client                | Ping response: HTTP 200
2026-06-08 20:58:51 | INFO     | werkzeug                  | 127.0.0.1 - - [08/Jun/2026 20:58:51] "GET /api/ping HTTP/1.1" 200 -
2026-06-08 20:59:06 | DEBUG    | bot.client                | BinanceClient initialised. Base URL: https://testnet.binancefuture.com
2026-06-08 20:59:06 | DEBUG    | bot.client                | Ping response: HTTP 200
2026-06-08 20:59:06 | INFO     | werkzeug                  | 127.0.0.1 - - [08/Jun/2026 20:59:06] "GET /api/ping HTTP/1.1" 200 -
2026-06-08 20:59:21 | DEBUG    | bot.client                | BinanceClient initialised. Base URL: https://testnet.binancefuture.com
2026-06-08 20:59:21 | DEBUG    | bot.client                | Ping response: HTTP 200
2026-06-08 20:59:21 | INFO     | werkzeug                  | 127.0.0.1 - - [08/Jun/2026 20:59:21] "GET /api/ping HTTP/1.1" 200 -
2026-06-08 20:59:33 | DEBUG    | bot.client                | BinanceClient initialised. Base URL: https://testnet.binancefuture.com
2026-06-08 20:59:33 | DEBUG    | bot.client                | Ping response: HTTP 200
2026-06-08 20:59:33 | INFO     | werkzeug                  | 127.0.0.1 - - [08/Jun/2026 20:59:33] "GET /api/ping HTTP/1.1" 200 -
2026-06-08 20:59:36 | DEBUG    | bot.client                | BinanceClient initialised. Base URL: https://testnet.binancefuture.com
2026-06-08 20:59:36 | DEBUG    | bot.client                | Ping response: HTTP 200
2026-06-08 20:59:36 | INFO     | werkzeug                  | 127.0.0.1 - - [08/Jun/2026 20:59:36] "GET /api/ping HTTP/1.1" 200 -
2026-06-08 20:59:51 | DEBUG    | bot.client                | BinanceClient initialised. Base URL: https://testnet.binancefuture.com
2026-06-08 20:59:51 | DEBUG    | bot.client                | Ping response: HTTP 200
2026-06-08 20:59:51 | INFO     | werkzeug                  | 127.0.0.1 - - [08/Jun/2026 20:59:51] "GET /api/ping HTTP/1.1" 200 -
2026-06-08 21:00:01 | INFO     | werkzeug                  | [31m[1mWARNING: This is a development server. Do not use it in a production deployment. Use a production WSGI server instead.[0m
 * Running on all addresses (0.0.0.0)
 * Running on http://127.0.0.1:5000
 * Running on http://192.168.0.102:5000
2026-06-08 21:00:01 | INFO     | werkzeug                  | [33mPress CTRL+C to quit[0m
2026-06-08 21:32:54 | INFO     | werkzeug                  | [31m[1mWARNING: This is a development server. Do not use it in a production deployment. Use a production WSGI server instead.[0m
 * Running on all addresses (0.0.0.0)
 * Running on http://127.0.0.1:5000
 * Running on http://192.168.0.102:5000
2026-06-08 21:32:54 | INFO     | werkzeug                  | [33mPress CTRL+C to quit[0m
2026-06-08 21:33:11 | DEBUG    | bot.client                | BinanceClient initialised. Base URL: https://testnet.binancefuture.com
2026-06-08 21:33:12 | DEBUG    | bot.client                | Ping response: HTTP 200
2026-06-08 21:33:12 | INFO     | werkzeug                  | 127.0.0.1 - - [08/Jun/2026 21:33:12] "GET /api/ping HTTP/1.1" 200 -
2026-06-08 21:33:24 | INFO     | bot.ui                    | [UI] Order request | symbol=BTCUSDT side=BUY type=LIMIT qty=0.001 price=60843.10 stop=None
2026-06-08 21:33:24 | DEBUG    | bot.client                | BinanceClient initialised. Base URL: https://testnet.binancefuture.com
2026-06-08 21:33:24 | INFO     | bot.orders                | [LIMIT] BUY BTCUSDT qty=0.001 price=60843.1 tif=GTC
2026-06-08 21:33:24 | INFO     | bot.client                | Placing order | symbol=BTCUSDT side=BUY type=LIMIT qty=0.001 price=60843.1 stopPrice=None
2026-06-08 21:33:24 | INFO     | bot.client                | POST https://testnet.binancefuture.com/fapi/v1/order  body={'symbol': 'BTCUSDT', 'side': 'BUY', 'type': 'LIMIT', 'quantity': 0.001, 'price': 60843.1, 'timeInForce': 'GTC', 'timestamp': 1780934604697, 'recvWindow': 5000}
2026-06-08 21:33:24 | DEBUG    | bot.client                | HTTP 200  body={"orderId":14508037457,"symbol":"BTCUSDT","status":"NEW","clientOrderId":"Xh5RyfOd4LgIb6EcMJHjyf","price":"60843.10","origQty":"0.0010","executedQty":"0.0000","cumQty":"0.0000","timeInForce":"GTC","type":"LIMIT","reduceOnly":false,"closePosition":false,"side":"BUY","positionSide":"BOTH","stopPrice":"0.00","workingType":"CONTRACT_PRICE","priceProtect":false,"origType":"LIMIT","priceMatch":"NONE","selfTradePreventionMode":"EXPIRE_MAKER","goodTillDate":0,"updateTime":1780934604952}
2026-06-08 21:33:24 | INFO     | bot.client                | Order response: {'orderId': 14508037457, 'symbol': 'BTCUSDT', 'status': 'NEW', 'clientOrderId': 'Xh5RyfOd4LgIb6EcMJHjyf', 'price': '60843.10', 'origQty': '0.0010', 'executedQty': '0.0000', 'cumQty': '0.0000', 'timeInForce': 'GTC', 'type': 'LIMIT', 'reduceOnly': False, 'closePosition': False, 'side': 'BUY', 'positionSide': 'BOTH', 'stopPrice': '0.00', 'workingType': 'CONTRACT_PRICE', 'priceProtect': False, 'origType': 'LIMIT', 'priceMatch': 'NONE', 'selfTradePreventionMode': 'EXPIRE_MAKER', 'goodTillDate': 0, 'updateTime': 1780934604952}
2026-06-08 21:33:24 | INFO     | bot.orders                | [LIMIT] Order placed | orderId=14508037457 status=NEW executedQty=0.0000
2026-06-08 21:33:24 | INFO     | bot.ui                    | [UI] Order success | orderId=14508037457 status=NEW
2026-06-08 21:33:24 | INFO     | werkzeug                  | 127.0.0.1 - - [08/Jun/2026 21:33:24] "POST /api/order HTTP/1.1" 200 -
2026-06-08 21:33:34 | INFO     | werkzeug                  | 127.0.0.1 - - [08/Jun/2026 21:33:34] "GET / HTTP/1.1" 200 -
2026-06-08 21:33:34 | DEBUG    | bot.client                | BinanceClient initialised. Base URL: https://testnet.binancefuture.com
2026-06-08 21:33:35 | DEBUG    | bot.client                | Ping response: HTTP 200
2026-06-08 21:33:35 | INFO     | werkzeug                  | 127.0.0.1 - - [08/Jun/2026 21:33:35] "GET /api/ping HTTP/1.1" 200 -
2026-06-08 21:33:35 | INFO     | werkzeug                  | 127.0.0.1 - - [08/Jun/2026 21:33:35] "GET /favicon.ico HTTP/1.1" 200 -
2026-06-08 21:33:35 | INFO     | bot.ui                    | Loaded 551 USDT-M symbols from exchangeInfo
2026-06-08 21:33:35 | INFO     | werkzeug                  | 127.0.0.1 - - [08/Jun/2026 21:33:35] "GET /api/symbols HTTP/1.1" 200 -
2026-06-08 21:33:35 | INFO     | werkzeug                  | 127.0.0.1 - - [08/Jun/2026 21:33:35] "GET /api/price/BTCUSDT HTTP/1.1" 200 -
2026-06-08 21:33:40 | INFO     | bot.ui                    | [UI] Order request | symbol=BTCUSDT side=BUY type=MARKET qty=0.0008 price=None stop=None
2026-06-08 21:33:40 | DEBUG    | bot.client                | BinanceClient initialised. Base URL: https://testnet.binancefuture.com
2026-06-08 21:33:40 | INFO     | bot.orders                | [MARKET] BUY BTCUSDT qty=0.0008
2026-06-08 21:33:40 | INFO     | bot.client                | Placing order | symbol=BTCUSDT side=BUY type=MARKET qty=0.0008 price=None stopPrice=None
2026-06-08 21:33:40 | INFO     | bot.client                | POST https://testnet.binancefuture.com/fapi/v1/order  body={'symbol': 'BTCUSDT', 'side': 'BUY', 'type': 'MARKET', 'quantity': 0.0008, 'timestamp': 1780934620010, 'recvWindow': 5000}
2026-06-08 21:33:40 | DEBUG    | bot.client                | HTTP 200  body={"orderId":14508051525,"symbol":"BTCUSDT","status":"NEW","clientOrderId":"MCE3QLZgoONj1IiozrYElG","price":"0.00","origQty":"0.0008","executedQty":"0.0000","cumQty":"0.0000","timeInForce":"GTC","type":"MARKET","reduceOnly":false,"closePosition":false,"side":"BUY","positionSide":"BOTH","stopPrice":"0.00","workingType":"CONTRACT_PRICE","priceProtect":false,"origType":"MARKET","priceMatch":"NONE","selfTradePreventionMode":"EXPIRE_MAKER","goodTillDate":0,"updateTime":1780934620252}
2026-06-08 21:33:40 | INFO     | bot.client                | Order response: {'orderId': 14508051525, 'symbol': 'BTCUSDT', 'status': 'NEW', 'clientOrderId': 'MCE3QLZgoONj1IiozrYElG', 'price': '0.00', 'origQty': '0.0008', 'executedQty': '0.0000', 'cumQty': '0.0000', 'timeInForce': 'GTC', 'type': 'MARKET', 'reduceOnly': False, 'closePosition': False, 'side': 'BUY', 'positionSide': 'BOTH', 'stopPrice': '0.00', 'workingType': 'CONTRACT_PRICE', 'priceProtect': False, 'origType': 'MARKET', 'priceMatch': 'NONE', 'selfTradePreventionMode': 'EXPIRE_MAKER', 'goodTillDate': 0, 'updateTime': 1780934620252}
2026-06-08 21:33:40 | INFO     | bot.orders                | [MARKET] Order placed | orderId=14508051525 status=NEW executedQty=0.0000 avgPrice=0
2026-06-08 21:33:40 | INFO     | bot.ui                    | [UI] Order success | orderId=14508051525 status=NEW
2026-06-08 21:33:40 | INFO     | werkzeug                  | 127.0.0.1 - - [08/Jun/2026 21:33:40] "POST /api/order HTTP/1.1" 200 -
2026-06-08 21:33:50 | DEBUG    | bot.client                | BinanceClient initialised. Base URL: https://testnet.binancefuture.com
2026-06-08 21:33:50 | DEBUG    | bot.client                | Ping response: HTTP 200
2026-06-08 21:33:50 | INFO     | werkzeug                  | 127.0.0.1 - - [08/Jun/2026 21:33:50] "GET /api/ping HTTP/1.1" 200 -
2026-06-08 21:34:04 | DEBUG    | bot.client                | BinanceClient initialised. Base URL: https://testnet.binancefuture.com
2026-06-08 21:34:05 | DEBUG    | bot.client                | Ping response: HTTP 200
2026-06-08 21:34:05 | INFO     | werkzeug                  | 127.0.0.1 - - [08/Jun/2026 21:34:05] "GET /api/ping HTTP/1.1" 200 -
2026-06-08 21:34:20 | DEBUG    | bot.client                | BinanceClient initialised. Base URL: https://testnet.binancefuture.com
2026-06-08 21:34:20 | DEBUG    | bot.client                | Ping response: HTTP 200
2026-06-08 21:34:20 | INFO     | werkzeug                  | 127.0.0.1 - - [08/Jun/2026 21:34:20] "GET /api/ping HTTP/1.1" 200 -
2026-06-08 21:34:34 | DEBUG    | bot.client                | BinanceClient initialised. Base URL: https://testnet.binancefuture.com
2026-06-08 21:34:35 | DEBUG    | bot.client                | Ping response: HTTP 200
2026-06-08 21:34:36 | INFO     | werkzeug                  | 127.0.0.1 - - [08/Jun/2026 21:34:36] "GET /api/ping HTTP/1.1" 200 -
2026-06-08 21:34:38 | INFO     | bot.ui                    | [UI] Order request | symbol=BTCUSDT side=BUY type=LIMIT qty=500 price=60613 stop=None
2026-06-08 21:34:38 | DEBUG    | bot.client                | BinanceClient initialised. Base URL: https://testnet.binancefuture.com
2026-06-08 21:34:38 | INFO     | bot.orders                | [LIMIT] BUY BTCUSDT qty=500.0 price=60613.0 tif=GTC
2026-06-08 21:34:38 | INFO     | bot.client                | Placing order | symbol=BTCUSDT side=BUY type=LIMIT qty=500.0 price=60613.0 stopPrice=None
2026-06-08 21:34:38 | INFO     | bot.client                | POST https://testnet.binancefuture.com/fapi/v1/order  body={'symbol': 'BTCUSDT', 'side': 'BUY', 'type': 'LIMIT', 'quantity': 500.0, 'price': 60613.0, 'timeInForce': 'GTC', 'timestamp': 1780934678537, 'recvWindow': 5000}
2026-06-08 21:34:38 | DEBUG    | bot.client                | HTTP 400  body={"code":-2027,"msg":"Exceeded the maximum allowable position at current leverage."}
2026-06-08 21:34:38 | ERROR    | bot.client                | API error: code=-2027 msg=Exceeded the maximum allowable position at current leverage.
2026-06-08 21:34:38 | ERROR    | bot.ui                    | [UI] API error: Binance API Error -2027: Exceeded the maximum allowable position at current leverage.
2026-06-08 21:34:38 | INFO     | werkzeug                  | 127.0.0.1 - - [08/Jun/2026 21:34:38] "[31m[1mPOST /api/order HTTP/1.1[0m" 400 -
2026-06-08 21:34:46 | INFO     | bot.ui                    | [UI] Order request | symbol=BTCUSDT side=BUY type=LIMIT qty=500 price=60612.9 stop=None
2026-06-08 21:34:46 | DEBUG    | bot.client                | BinanceClient initialised. Base URL: https://testnet.binancefuture.com
2026-06-08 21:34:46 | INFO     | bot.orders                | [LIMIT] BUY BTCUSDT qty=500.0 price=60612.9 tif=GTC
2026-06-08 21:34:46 | INFO     | bot.client                | Placing order | symbol=BTCUSDT side=BUY type=LIMIT qty=500.0 price=60612.9 stopPrice=None
2026-06-08 21:34:46 | INFO     | bot.client                | POST https://testnet.binancefuture.com/fapi/v1/order  body={'symbol': 'BTCUSDT', 'side': 'BUY', 'type': 'LIMIT', 'quantity': 500.0, 'price': 60612.9, 'timeInForce': 'GTC', 'timestamp': 1780934686628, 'recvWindow': 5000}
2026-06-08 21:34:46 | DEBUG    | bot.client                | HTTP 400  body={"code":-2027,"msg":"Exceeded the maximum allowable position at current leverage."}
2026-06-08 21:34:46 | ERROR    | bot.client                | API error: code=-2027 msg=Exceeded the maximum allowable position at current leverage.
2026-06-08 21:34:46 | ERROR    | bot.ui                    | [UI] API error: Binance API Error -2027: Exceeded the maximum allowable position at current leverage.
2026-06-08 21:34:46 | INFO     | werkzeug                  | 127.0.0.1 - - [08/Jun/2026 21:34:46] "[31m[1mPOST /api/order HTTP/1.1[0m" 400 -
2026-06-08 21:34:50 | DEBUG    | bot.client                | BinanceClient initialised. Base URL: https://testnet.binancefuture.com
2026-06-08 21:34:50 | DEBUG    | bot.client                | Ping response: HTTP 200
2026-06-08 21:34:50 | INFO     | werkzeug                  | 127.0.0.1 - - [08/Jun/2026 21:34:50] "GET /api/ping HTTP/1.1" 200 -
2026-06-08 21:34:59 | INFO     | bot.ui                    | [UI] Order request | symbol=BTCUSDT side=BUY type=LIMIT qty=0.0008 price=60612.9 stop=None
2026-06-08 21:34:59 | WARNING  | bot.ui                    | [UI] Validation error: [quantity] Order notional too small: 0.0008 x 60612.9 = $48.49 USDT. Binance requires at least $50.0 USDT. Use quantity >= 0.0008 at this price.
2026-06-08 21:34:59 | INFO     | werkzeug                  | 127.0.0.1 - - [08/Jun/2026 21:34:59] "[31m[1mPOST /api/order HTTP/1.1[0m" 400 -
2026-06-08 21:35:05 | DEBUG    | bot.client                | BinanceClient initialised. Base URL: https://testnet.binancefuture.com
2026-06-08 21:35:05 | DEBUG    | bot.client                | Ping response: HTTP 200
2026-06-08 21:35:05 | INFO     | werkzeug                  | 127.0.0.1 - - [08/Jun/2026 21:35:05] "GET /api/ping HTTP/1.1" 200 -
2026-06-08 21:35:06 | INFO     | bot.ui                    | [UI] Order request | symbol=BTCUSDT side=BUY type=LIMIT qty=0.0009 price=60612.9 stop=None
2026-06-08 21:35:06 | DEBUG    | bot.client                | BinanceClient initialised. Base URL: https://testnet.binancefuture.com
2026-06-08 21:35:06 | INFO     | bot.orders                | [LIMIT] BUY BTCUSDT qty=0.0009 price=60612.9 tif=GTC
2026-06-08 21:35:06 | INFO     | bot.client                | Placing order | symbol=BTCUSDT side=BUY type=LIMIT qty=0.0009 price=60612.9 stopPrice=None
2026-06-08 21:35:06 | INFO     | bot.client                | POST https://testnet.binancefuture.com/fapi/v1/order  body={'symbol': 'BTCUSDT', 'side': 'BUY', 'type': 'LIMIT', 'quantity': 0.0009, 'price': 60612.9, 'timeInForce': 'GTC', 'timestamp': 1780934706314, 'recvWindow': 5000}
2026-06-08 21:35:06 | DEBUG    | bot.client                | HTTP 200  body={"orderId":14508114634,"symbol":"BTCUSDT","status":"NEW","clientOrderId":"DDwgzKYGsEcKGqNiSnzsCw","price":"60612.90","origQty":"0.0009","executedQty":"0.0000","cumQty":"0.0000","timeInForce":"GTC","type":"LIMIT","reduceOnly":false,"closePosition":false,"side":"BUY","positionSide":"BOTH","stopPrice":"0.00","workingType":"CONTRACT_PRICE","priceProtect":false,"origType":"LIMIT","priceMatch":"NONE","selfTradePreventionMode":"EXPIRE_MAKER","goodTillDate":0,"updateTime":1780934706541}
2026-06-08 21:35:06 | INFO     | bot.client                | Order response: {'orderId': 14508114634, 'symbol': 'BTCUSDT', 'status': 'NEW', 'clientOrderId': 'DDwgzKYGsEcKGqNiSnzsCw', 'price': '60612.90', 'origQty': '0.0009', 'executedQty': '0.0000', 'cumQty': '0.0000', 'timeInForce': 'GTC', 'type': 'LIMIT', 'reduceOnly': False, 'closePosition': False, 'side': 'BUY', 'positionSide': 'BOTH', 'stopPrice': '0.00', 'workingType': 'CONTRACT_PRICE', 'priceProtect': False, 'origType': 'LIMIT', 'priceMatch': 'NONE', 'selfTradePreventionMode': 'EXPIRE_MAKER', 'goodTillDate': 0, 'updateTime': 1780934706541}
2026-06-08 21:35:06 | INFO     | bot.orders                | [LIMIT] Order placed | orderId=14508114634 status=NEW executedQty=0.0000
2026-06-08 21:35:06 | INFO     | bot.ui                    | [UI] Order success | orderId=14508114634 status=NEW
2026-06-08 21:35:06 | INFO     | werkzeug                  | 127.0.0.1 - - [08/Jun/2026 21:35:06] "POST /api/order HTTP/1.1" 200 -
2026-06-08 21:35:20 | DEBUG    | bot.client                | BinanceClient initialised. Base URL: https://testnet.binancefuture.com
2026-06-08 21:35:20 | DEBUG    | bot.client                | Ping response: HTTP 200
2026-06-08 21:35:20 | INFO     | werkzeug                  | 127.0.0.1 - - [08/Jun/2026 21:35:20] "GET /api/ping HTTP/1.1" 200 -
2026-06-08 21:35:30 | INFO     | bot.ui                    | [UI] Order request | symbol=BTCUSDT side=BUY type=STOP_LIMIT qty=0.0009 price=60612.9 stop=19
2026-06-08 21:35:30 | DEBUG    | bot.client                | BinanceClient initialised. Base URL: https://testnet.binancefuture.com
2026-06-08 21:35:30 | INFO     | bot.orders                | [STOP_LIMIT] BUY BTCUSDT qty=0.0009 price=60612.9 stopPrice=19.0 tif=GTC
2026-06-08 21:35:30 | INFO     | bot.client                | Placing algo order | symbol=BTCUSDT side=BUY type=STOP qty=0.0009 triggerPrice=19.0 limitPrice=60612.9
2026-06-08 21:35:30 | INFO     | bot.client                | POST https://testnet.binancefuture.com/fapi/v1/algoOrder  body={'symbol': 'BTCUSDT', 'side': 'BUY', 'algoType': 'CONDITIONAL', 'type': 'STOP', 'quantity': 0.0009, 'triggerPrice': 19.0, 'timeInForce': 'GTC', 'price': 60612.9, 'timestamp': 1780934730619, 'recvWindow': 5000}
2026-06-08 21:35:30 | DEBUG    | bot.client                | HTTP 400  body={"code":-4013,"msg":"Price less than min price."}
2026-06-08 21:35:30 | ERROR    | bot.client                | API error: code=-4013 msg=Price less than min price.
2026-06-08 21:35:30 | ERROR    | bot.ui                    | [UI] API error: Binance API Error -4013: Price less than min price.
2026-06-08 21:35:30 | INFO     | werkzeug                  | 127.0.0.1 - - [08/Jun/2026 21:35:30] "[31m[1mPOST /api/order HTTP/1.1[0m" 400 -
2026-06-08 21:35:35 | DEBUG    | bot.client                | BinanceClient initialised. Base URL: https://testnet.binancefuture.com
2026-06-08 21:35:35 | DEBUG    | bot.client                | Ping response: HTTP 200
2026-06-08 21:35:35 | INFO     | werkzeug                  | 127.0.0.1 - - [08/Jun/2026 21:35:35] "GET /api/ping HTTP/1.1" 200 -
2026-06-08 21:35:41 | INFO     | bot.ui                    | [UI] Order request | symbol=BTCUSDT side=BUY type=STOP_LIMIT qty=0.0009 price=60612.9 stop=66993.2
2026-06-08 21:35:41 | DEBUG    | bot.client                | BinanceClient initialised. Base URL: https://testnet.binancefuture.com
2026-06-08 21:35:41 | INFO     | bot.orders                | [STOP_LIMIT] BUY BTCUSDT qty=0.0009 price=60612.9 stopPrice=66993.2 tif=GTC
2026-06-08 21:35:41 | INFO     | bot.client                | Placing algo order | symbol=BTCUSDT side=BUY type=STOP qty=0.0009 triggerPrice=66993.2 limitPrice=60612.9
2026-06-08 21:35:41 | INFO     | bot.client                | POST https://testnet.binancefuture.com/fapi/v1/algoOrder  body={'symbol': 'BTCUSDT', 'side': 'BUY', 'algoType': 'CONDITIONAL', 'type': 'STOP', 'quantity': 0.0009, 'triggerPrice': 66993.2, 'timeInForce': 'GTC', 'price': 60612.9, 'timestamp': 1780934741406, 'recvWindow': 5000}
2026-06-08 21:35:41 | DEBUG    | bot.client                | HTTP 200  body={"algoId":1000000099480977,"clientAlgoId":"9mVAwLyPpgPFrjF5eR4noy","algoType":"CONDITIONAL","orderType":"STOP","symbol":"BTCUSDT","side":"BUY","positionSide":"BOTH","timeInForce":"GTC","quantity":"0.0009","algoStatus":"NEW","triggerPrice":"66993.20","price":"60612.90","icebergQuantity":null,"selfTradePreventionMode":"EXPIRE_MAKER","workingType":"CONTRACT_PRICE","priceMatch":"NONE","closePosition":false,"priceProtect":false,"reduceOnly":false,"createTime":1780934741644,"updateTime":1780934741644,
2026-06-08 21:35:41 | INFO     | bot.client                | Algo order response: {'algoId': 1000000099480977, 'clientAlgoId': '9mVAwLyPpgPFrjF5eR4noy', 'algoType': 'CONDITIONAL', 'orderType': 'STOP', 'symbol': 'BTCUSDT', 'side': 'BUY', 'positionSide': 'BOTH', 'timeInForce': 'GTC', 'quantity': '0.0009', 'algoStatus': 'NEW', 'triggerPrice': '66993.20', 'price': '60612.90', 'icebergQuantity': None, 'selfTradePreventionMode': 'EXPIRE_MAKER', 'workingType': 'CONTRACT_PRICE', 'priceMatch': 'NONE', 'closePosition': False, 'priceProtect': False, 'reduceOnly': False, 'createTime': 1780934741644, 'updateTime': 1780934741644, 'triggerTime': 0, 'goodTillDate': 0}
2026-06-08 21:35:41 | INFO     | bot.orders                | [STOP_LIMIT] Order placed | orderId=1000000099480977 status=NEW
2026-06-08 21:35:41 | INFO     | bot.ui                    | [UI] Order success | orderId=1000000099480977 status=NEW
2026-06-08 21:35:41 | INFO     | werkzeug                  | 127.0.0.1 - - [08/Jun/2026 21:35:41] "POST /api/order HTTP/1.1" 200 -
2026-06-08 21:35:45 | INFO     | bot.ui                    | [UI] Order request | symbol=BTCUSDT side=SELL type=STOP_LIMIT qty=0.0009 price=60612.9 stop=66993.2
2026-06-08 21:35:45 | DEBUG    | bot.client                | BinanceClient initialised. Base URL: https://testnet.binancefuture.com
2026-06-08 21:35:45 | INFO     | bot.orders                | [STOP_LIMIT] SELL BTCUSDT qty=0.0009 price=60612.9 stopPrice=66993.2 tif=GTC
2026-06-08 21:35:45 | INFO     | bot.client                | Placing algo order | symbol=BTCUSDT side=SELL type=STOP qty=0.0009 triggerPrice=66993.2 limitPrice=60612.9
2026-06-08 21:35:45 | INFO     | bot.client                | POST https://testnet.binancefuture.com/fapi/v1/algoOrder  body={'symbol': 'BTCUSDT', 'side': 'SELL', 'algoType': 'CONDITIONAL', 'type': 'STOP', 'quantity': 0.0009, 'triggerPrice': 66993.2, 'timeInForce': 'GTC', 'price': 60612.9, 'timestamp': 1780934745514, 'recvWindow': 5000}
2026-06-08 21:35:45 | DEBUG    | bot.client                | HTTP 400  body={"code":-4184,"msg":"Limit price can't be lower than 63643.55"}
2026-06-08 21:35:45 | ERROR    | bot.client                | API error: code=-4184 msg=Limit price can't be lower than 63643.55
2026-06-08 21:35:45 | ERROR    | bot.ui                    | [UI] API error: Binance API Error -4184: Limit price can't be lower than 63643.55
2026-06-08 21:35:45 | INFO     | werkzeug                  | 127.0.0.1 - - [08/Jun/2026 21:35:45] "[31m[1mPOST /api/order HTTP/1.1[0m" 400 -
2026-06-08 21:35:49 | DEBUG    | bot.client                | BinanceClient initialised. Base URL: https://testnet.binancefuture.com
2026-06-08 21:35:50 | DEBUG    | bot.client                | Ping response: HTTP 200
2026-06-08 21:35:50 | INFO     | werkzeug                  | 127.0.0.1 - - [08/Jun/2026 21:35:50] "GET /api/ping HTTP/1.1" 200 -
2026-06-08 21:36:03 | INFO     | bot.ui                    | [UI] Order request | symbol=BTCUSDT side=SELL type=STOP_LIMIT qty=0.0009 price=60612.9 stop=66993
2026-06-08 21:36:03 | DEBUG    | bot.client                | BinanceClient initialised. Base URL: https://testnet.binancefuture.com
2026-06-08 21:36:03 | INFO     | bot.orders                | [STOP_LIMIT] SELL BTCUSDT qty=0.0009 price=60612.9 stopPrice=66993.0 tif=GTC
2026-06-08 21:36:03 | INFO     | bot.client                | Placing algo order | symbol=BTCUSDT side=SELL type=STOP qty=0.0009 triggerPrice=66993.0 limitPrice=60612.9
2026-06-08 21:36:03 | INFO     | bot.client                | POST https://testnet.binancefuture.com/fapi/v1/algoOrder  body={'symbol': 'BTCUSDT', 'side': 'SELL', 'algoType': 'CONDITIONAL', 'type': 'STOP', 'quantity': 0.0009, 'triggerPrice': 66993.0, 'timeInForce': 'GTC', 'price': 60612.9, 'timestamp': 1780934763394, 'recvWindow': 5000}
2026-06-08 21:36:03 | DEBUG    | bot.client                | HTTP 400  body={"code":-4184,"msg":"Limit price can't be lower than 63643.35"}
2026-06-08 21:36:03 | ERROR    | bot.client                | API error: code=-4184 msg=Limit price can't be lower than 63643.35
2026-06-08 21:36:03 | ERROR    | bot.ui                    | [UI] API error: Binance API Error -4184: Limit price can't be lower than 63643.35
2026-06-08 21:36:03 | INFO     | werkzeug                  | 127.0.0.1 - - [08/Jun/2026 21:36:03] "[31m[1mPOST /api/order HTTP/1.1[0m" 400 -
2026-06-08 21:36:04 | DEBUG    | bot.client                | BinanceClient initialised. Base URL: https://testnet.binancefuture.com
2026-06-08 21:36:05 | DEBUG    | bot.client                | Ping response: HTTP 200
2026-06-08 21:36:05 | INFO     | werkzeug                  | 127.0.0.1 - - [08/Jun/2026 21:36:05] "GET /api/ping HTTP/1.1" 200 -
2026-06-08 21:36:08 | INFO     | bot.ui                    | [UI] Order request | symbol=BTCUSDT side=SELL type=STOP_LIMIT qty=0.0009 price=60612.9 stop=669
2026-06-08 21:36:08 | DEBUG    | bot.client                | BinanceClient initialised. Base URL: https://testnet.binancefuture.com
2026-06-08 21:36:08 | INFO     | bot.orders                | [STOP_LIMIT] SELL BTCUSDT qty=0.0009 price=60612.9 stopPrice=669.0 tif=GTC
2026-06-08 21:36:08 | INFO     | bot.client                | Placing algo order | symbol=BTCUSDT side=SELL type=STOP qty=0.0009 triggerPrice=669.0 limitPrice=60612.9
2026-06-08 21:36:08 | INFO     | bot.client                | POST https://testnet.binancefuture.com/fapi/v1/algoOrder  body={'symbol': 'BTCUSDT', 'side': 'SELL', 'algoType': 'CONDITIONAL', 'type': 'STOP', 'quantity': 0.0009, 'triggerPrice': 669.0, 'timeInForce': 'GTC', 'price': 60612.9, 'timestamp': 1780934768125, 'recvWindow': 5000}
2026-06-08 21:36:08 | DEBUG    | bot.client                | HTTP 200  body={"algoId":1000000099481205,"clientAlgoId":"EGaoUStyXxbvYjPeqewnoa","algoType":"CONDITIONAL","orderType":"STOP","symbol":"BTCUSDT","side":"SELL","positionSide":"BOTH","timeInForce":"GTC","quantity":"0.0009","algoStatus":"NEW","triggerPrice":"669.00","price":"60612.90","icebergQuantity":null,"selfTradePreventionMode":"EXPIRE_MAKER","workingType":"CONTRACT_PRICE","priceMatch":"NONE","closePosition":false,"priceProtect":false,"reduceOnly":false,"createTime":1780934768359,"updateTime":1780934768360,"
2026-06-08 21:36:08 | INFO     | bot.client                | Algo order response: {'algoId': 1000000099481205, 'clientAlgoId': 'EGaoUStyXxbvYjPeqewnoa', 'algoType': 'CONDITIONAL', 'orderType': 'STOP', 'symbol': 'BTCUSDT', 'side': 'SELL', 'positionSide': 'BOTH', 'timeInForce': 'GTC', 'quantity': '0.0009', 'algoStatus': 'NEW', 'triggerPrice': '669.00', 'price': '60612.90', 'icebergQuantity': None, 'selfTradePreventionMode': 'EXPIRE_MAKER', 'workingType': 'CONTRACT_PRICE', 'priceMatch': 'NONE', 'closePosition': False, 'priceProtect': False, 'reduceOnly': False, 'createTime': 1780934768359, 'updateTime': 1780934768360, 'triggerTime': 0, 'goodTillDate': 0}
2026-06-08 21:36:08 | INFO     | bot.orders                | [STOP_LIMIT] Order placed | orderId=1000000099481205 status=NEW
2026-06-08 21:36:08 | INFO     | bot.ui                    | [UI] Order success | orderId=1000000099481205 status=NEW
2026-06-08 21:36:08 | INFO     | werkzeug                  | 127.0.0.1 - - [08/Jun/2026 21:36:08] "POST /api/order HTTP/1.1" 200 -
2026-06-08 21:36:19 | DEBUG    | bot.client                | BinanceClient initialised. Base URL: https://testnet.binancefuture.com
2026-06-08 21:36:20 | DEBUG    | bot.client                | Ping response: HTTP 200
2026-06-08 21:36:20 | INFO     | werkzeug                  | 127.0.0.1 - - [08/Jun/2026 21:36:20] "GET /api/ping HTTP/1.1" 200 -
2026-06-08 21:36:35 | DEBUG    | bot.client                | BinanceClient initialised. Base URL: https://testnet.binancefuture.com
2026-06-08 21:36:35 | DEBUG    | bot.client                | Ping response: HTTP 200
2026-06-08 21:36:35 | INFO     | werkzeug                  | 127.0.0.1 - - [08/Jun/2026 21:36:35] "GET /api/ping HTTP/1.1" 200 -
2026-06-08 21:36:49 | DEBUG    | bot.client                | BinanceClient initialised. Base URL: https://testnet.binancefuture.com
2026-06-08 21:36:50 | DEBUG    | bot.client                | Ping response: HTTP 200
2026-06-08 21:36:50 | INFO     | werkzeug                  | 127.0.0.1 - - [08/Jun/2026 21:36:50] "GET /api/ping HTTP/1.1" 200 -
2026-06-08 21:37:05 | DEBUG    | bot.client                | BinanceClient initialised. Base URL: https://testnet.binancefuture.com
2026-06-08 21:37:05 | DEBUG    | bot.client                | Ping response: HTTP 200
2026-06-08 21:37:05 | INFO     | werkzeug                  | 127.0.0.1 - - [08/Jun/2026 21:37:05] "GET /api/ping HTTP/1.1" 200 -
2026-06-08 21:37:19 | DEBUG    | bot.client                | BinanceClient initialised. Base URL: https://testnet.binancefuture.com
2026-06-08 21:37:20 | DEBUG    | bot.client                | Ping response: HTTP 200
2026-06-08 21:37:20 | INFO     | werkzeug                  | 127.0.0.1 - - [08/Jun/2026 21:37:20] "GET /api/ping HTTP/1.1" 200 -
2026-06-08 21:37:35 | DEBUG    | bot.client                | BinanceClient initialised. Base URL: https://testnet.binancefuture.com
2026-06-08 21:37:35 | DEBUG    | bot.client                | Ping response: HTTP 200
2026-06-08 21:37:35 | INFO     | werkzeug                  | 127.0.0.1 - - [08/Jun/2026 21:37:35] "GET /api/ping HTTP/1.1" 200 -
2026-06-08 21:37:49 | DEBUG    | bot.client                | BinanceClient initialised. Base URL: https://testnet.binancefuture.com
2026-06-08 21:37:50 | DEBUG    | bot.client                | Ping response: HTTP 200
2026-06-08 21:37:50 | INFO     | werkzeug                  | 127.0.0.1 - - [08/Jun/2026 21:37:50] "GET /api/ping HTTP/1.1" 200 -
2026-06-08 21:38:05 | DEBUG    | bot.client                | BinanceClient initialised. Base URL: https://testnet.binancefuture.com
2026-06-08 21:38:05 | DEBUG    | bot.client                | Ping response: HTTP 200
2026-06-08 21:38:05 | INFO     | werkzeug                  | 127.0.0.1 - - [08/Jun/2026 21:38:05] "GET /api/ping HTTP/1.1" 200 -
2026-06-08 21:38:06 | DEBUG    | bot.client                | BinanceClient initialised. Base URL: https://testnet.binancefuture.com
2026-06-08 21:38:06 | DEBUG    | bot.client                | Ping response: HTTP 200
2026-06-08 21:38:06 | INFO     | bot.orders                | [MARKET] BUY BTCUSDT qty=0.001
2026-06-08 21:38:06 | INFO     | bot.client                | Placing order | symbol=BTCUSDT side=BUY type=MARKET qty=0.001 price=None stopPrice=None
2026-06-08 21:38:06 | INFO     | bot.client                | POST https://testnet.binancefuture.com/fapi/v1/order  body={'symbol': 'BTCUSDT', 'side': 'BUY', 'type': 'MARKET', 'quantity': 0.001, 'timestamp': 1780934886192, 'recvWindow': 5000}
2026-06-08 21:38:06 | DEBUG    | bot.client                | HTTP 200  body={"orderId":14508252014,"symbol":"BTCUSDT","status":"NEW","clientOrderId":"zG707v2MBcvXUHB6URWr70","price":"0.00","origQty":"0.0010","executedQty":"0.0000","cumQty":"0.0000","timeInForce":"GTC","type":"MARKET","reduceOnly":false,"closePosition":false,"side":"BUY","positionSide":"BOTH","stopPrice":"0.00","workingType":"CONTRACT_PRICE","priceProtect":false,"origType":"MARKET","priceMatch":"NONE","selfTradePreventionMode":"EXPIRE_MAKER","goodTillDate":0,"updateTime":1780934886416}
2026-06-08 21:38:06 | INFO     | bot.client                | Order response: {'orderId': 14508252014, 'symbol': 'BTCUSDT', 'status': 'NEW', 'clientOrderId': 'zG707v2MBcvXUHB6URWr70', 'price': '0.00', 'origQty': '0.0010', 'executedQty': '0.0000', 'cumQty': '0.0000', 'timeInForce': 'GTC', 'type': 'MARKET', 'reduceOnly': False, 'closePosition': False, 'side': 'BUY', 'positionSide': 'BOTH', 'stopPrice': '0.00', 'workingType': 'CONTRACT_PRICE', 'priceProtect': False, 'origType': 'MARKET', 'priceMatch': 'NONE', 'selfTradePreventionMode': 'EXPIRE_MAKER', 'goodTillDate': 0, 'updateTime': 1780934886416}
2026-06-08 21:38:06 | INFO     | bot.orders                | [MARKET] Order placed | orderId=14508252014 status=NEW executedQty=0.0000 avgPrice=0
2026-06-08 21:38:06 | INFO     | bot.cli                   | SUCCESS | orderId=14508252014 status=NEW
2026-06-08 21:38:06 | DEBUG    | bot.client                | BinanceClient initialised. Base URL: https://testnet.binancefuture.com
2026-06-08 21:38:06 | DEBUG    | bot.client                | Ping response: HTTP 200
2026-06-08 21:38:06 | INFO     | bot.orders                | [LIMIT] BUY BTCUSDT qty=0.001 price=50000.0 tif=GTC
2026-06-08 21:38:06 | INFO     | bot.client                | Placing order | symbol=BTCUSDT side=BUY type=LIMIT qty=0.001 price=50000.0 stopPrice=None
2026-06-08 21:38:06 | INFO     | bot.client                | POST https://testnet.binancefuture.com/fapi/v1/order  body={'symbol': 'BTCUSDT', 'side': 'BUY', 'type': 'LIMIT', 'quantity': 0.001, 'price': 50000.0, 'timeInForce': 'GTC', 'timestamp': 1780934886758, 'recvWindow': 5000}
2026-06-08 21:38:06 | DEBUG    | bot.client                | HTTP 200  body={"orderId":14508252517,"symbol":"BTCUSDT","status":"NEW","clientOrderId":"UzHat4Twpz9tYhmj8V4BkU","price":"50000.00","origQty":"0.0010","executedQty":"0.0000","cumQty":"0.0000","timeInForce":"GTC","type":"LIMIT","reduceOnly":false,"closePosition":false,"side":"BUY","positionSide":"BOTH","stopPrice":"0.00","workingType":"CONTRACT_PRICE","priceProtect":false,"origType":"LIMIT","priceMatch":"NONE","selfTradePreventionMode":"EXPIRE_MAKER","goodTillDate":0,"updateTime":1780934886974}
2026-06-08 21:38:06 | INFO     | bot.client                | Order response: {'orderId': 14508252517, 'symbol': 'BTCUSDT', 'status': 'NEW', 'clientOrderId': 'UzHat4Twpz9tYhmj8V4BkU', 'price': '50000.00', 'origQty': '0.0010', 'executedQty': '0.0000', 'cumQty': '0.0000', 'timeInForce': 'GTC', 'type': 'LIMIT', 'reduceOnly': False, 'closePosition': False, 'side': 'BUY', 'positionSide': 'BOTH', 'stopPrice': '0.00', 'workingType': 'CONTRACT_PRICE', 'priceProtect': False, 'origType': 'LIMIT', 'priceMatch': 'NONE', 'selfTradePreventionMode': 'EXPIRE_MAKER', 'goodTillDate': 0, 'updateTime': 1780934886974}
2026-06-08 21:38:06 | INFO     | bot.orders                | [LIMIT] Order placed | orderId=14508252517 status=NEW executedQty=0.0000
2026-06-08 21:38:06 | INFO     | bot.cli                   | SUCCESS | orderId=14508252517 status=NEW
2026-06-08 21:38:19 | DEBUG    | bot.client                | BinanceClient initialised. Base URL: https://testnet.binancefuture.com
2026-06-08 21:38:20 | DEBUG    | bot.client                | Ping response: HTTP 200
2026-06-08 21:38:20 | INFO     | werkzeug                  | 127.0.0.1 - - [08/Jun/2026 21:38:20] "GET /api/ping HTTP/1.1" 200 -
2026-06-08 21:38:35 | DEBUG    | bot.client                | BinanceClient initialised. Base URL: https://testnet.binancefuture.com
2026-06-08 21:38:35 | DEBUG    | bot.client                | Ping response: HTTP 200
2026-06-08 21:38:35 | INFO     | werkzeug                  | 127.0.0.1 - - [08/Jun/2026 21:38:35] "GET /api/ping HTTP/1.1" 200 -
2026-06-08 21:38:49 | DEBUG    | bot.client                | BinanceClient initialised. Base URL: https://testnet.binancefuture.com
2026-06-08 21:38:50 | DEBUG    | bot.client                | Ping response: HTTP 200
2026-06-08 21:38:50 | INFO     | werkzeug                  | 127.0.0.1 - - [08/Jun/2026 21:38:50] "GET /api/ping HTTP/1.1" 200 -
2026-06-08 21:39:05 | DEBUG    | bot.client                | BinanceClient initialised. Base URL: https://testnet.binancefuture.com
2026-06-08 21:39:05 | DEBUG    | bot.client                | Ping response: HTTP 200
2026-06-08 21:39:05 | INFO     | werkzeug                  | 127.0.0.1 - - [08/Jun/2026 21:39:05] "GET /api/ping HTTP/1.1" 200 -
2026-06-08 21:39:20 | DEBUG    | bot.client                | BinanceClient initialised. Base URL: https://testnet.binancefuture.com
2026-06-08 21:39:20 | DEBUG    | bot.client                | Ping response: HTTP 200
2026-06-08 21:39:20 | INFO     | werkzeug                  | 127.0.0.1 - - [08/Jun/2026 21:39:20] "GET /api/ping HTTP/1.1" 200 -
2026-06-08 21:39:35 | DEBUG    | bot.client                | BinanceClient initialised. Base URL: https://testnet.binancefuture.com
2026-06-08 21:39:35 | DEBUG    | bot.client                | Ping response: HTTP 200
2026-06-08 21:39:35 | INFO     | werkzeug                  | 127.0.0.1 - - [08/Jun/2026 21:39:35] "GET /api/ping HTTP/1.1" 200 -
2026-06-08 21:39:50 | DEBUG    | bot.client                | BinanceClient initialised. Base URL: https://testnet.binancefuture.com
2026-06-08 21:39:50 | DEBUG    | bot.client                | Ping response: HTTP 200
2026-06-08 21:39:50 | INFO     | werkzeug                  | 127.0.0.1 - - [08/Jun/2026 21:39:50] "GET /api/ping HTTP/1.1" 200 -
2026-06-08 21:40:05 | DEBUG    | bot.client                | BinanceClient initialised. Base URL: https://testnet.binancefuture.com
2026-06-08 21:40:05 | DEBUG    | bot.client                | Ping response: HTTP 200
2026-06-08 21:40:05 | INFO     | werkzeug                  | 127.0.0.1 - - [08/Jun/2026 21:40:05] "GET /api/ping HTTP/1.1" 200 -
2026-06-08 21:40:33 | DEBUG    | bot.client                | BinanceClient initialised. Base URL: https://testnet.binancefuture.com
2026-06-08 21:40:33 | DEBUG    | bot.client                | Ping response: HTTP 200
2026-06-08 21:40:33 | INFO     | werkzeug                  | 127.0.0.1 - - [08/Jun/2026 21:40:33] "GET /api/ping HTTP/1.1" 200 -
2026-06-08 21:41:33 | DEBUG    | bot.client                | BinanceClient initialised. Base URL: https://testnet.binancefuture.com
2026-06-08 21:41:33 | DEBUG    | bot.client                | Ping response: HTTP 200
2026-06-08 21:41:33 | INFO     | werkzeug                  | 127.0.0.1 - - [08/Jun/2026 21:41:33] "GET /api/ping HTTP/1.1" 200 -
2026-06-08 21:42:33 | DEBUG    | bot.client                | BinanceClient initialised. Base URL: https://testnet.binancefuture.com
2026-06-08 21:42:33 | DEBUG    | bot.client                | Ping response: HTTP 200
2026-06-08 21:42:33 | INFO     | werkzeug                  | 127.0.0.1 - - [08/Jun/2026 21:42:33] "GET /api/ping HTTP/1.1" 200 -
2026-06-08 21:43:33 | DEBUG    | bot.client                | BinanceClient initialised. Base URL: https://testnet.binancefuture.com
2026-06-08 21:43:33 | DEBUG    | bot.client                | Ping response: HTTP 200
2026-06-08 21:43:33 | INFO     | werkzeug                  | 127.0.0.1 - - [08/Jun/2026 21:43:33] "GET /api/ping HTTP/1.1" 200 -
2026-06-08 21:44:33 | DEBUG    | bot.client                | BinanceClient initialised. Base URL: https://testnet.binancefuture.com
2026-06-08 21:44:33 | DEBUG    | bot.client                | Ping response: HTTP 200
2026-06-08 21:44:33 | INFO     | werkzeug                  | 127.0.0.1 - - [08/Jun/2026 21:44:33] "GET /api/ping HTTP/1.1" 200 -
2026-06-08 21:45:33 | DEBUG    | bot.client                | BinanceClient initialised. Base URL: https://testnet.binancefuture.com
2026-06-08 21:45:33 | DEBUG    | bot.client                | Ping response: HTTP 200
2026-06-08 21:45:33 | INFO     | werkzeug                  | 127.0.0.1 - - [08/Jun/2026 21:45:33] "GET /api/ping HTTP/1.1" 200 -
2026-06-08 21:46:33 | DEBUG    | bot.client                | BinanceClient initialised. Base URL: https://testnet.binancefuture.com
2026-06-08 21:46:33 | DEBUG    | bot.client                | Ping response: HTTP 200
2026-06-08 21:46:33 | INFO     | werkzeug                  | 127.0.0.1 - - [08/Jun/2026 21:46:33] "GET /api/ping HTTP/1.1" 200 -
2026-06-08 21:47:33 | DEBUG    | bot.client                | BinanceClient initialised. Base URL: https://testnet.binancefuture.com
2026-06-08 21:47:33 | DEBUG    | bot.client                | Ping response: HTTP 200
2026-06-08 21:47:33 | INFO     | werkzeug                  | 127.0.0.1 - - [08/Jun/2026 21:47:33] "GET /api/ping HTTP/1.1" 200 -
2026-06-08 21:48:33 | DEBUG    | bot.client                | BinanceClient initialised. Base URL: https://testnet.binancefuture.com
2026-06-08 21:48:33 | DEBUG    | bot.client                | Ping response: HTTP 200
2026-06-08 21:48:33 | INFO     | werkzeug                  | 127.0.0.1 - - [08/Jun/2026 21:48:33] "GET /api/ping HTTP/1.1" 200 -
